filename,expected,expected_category,expected_niche,expected_sub_niche,markets,platforms,note,url
d001_shawn-mendes.png,,,,,US,etsy,brand: Shawn Mendes,https://d1ud88wu9m1k4s.cloudfront.net/design/2026/08/01/A36035_8ylGXtPEw415idkmGDz3jdMeH_1785554793347.png
d002_black-sabbath.png,,,,,US,etsy,brand: Black Sabbath,https://d1ud88wu9m1k4s.cloudfront.net/design/2026/08/01/A27567_Os0ywDEwn0Kwt33lyUFz9XzHd_1785565487372.png
d003_lil-wayne.png,,,,,US,etsy,brand: Lil Wayne,https://d1ud88wu9m1k4s.cloudfront.net/fulfill/design/2026/08/01/60f79867d4b329505b416dda1bc9c9d4.png
d004_michael-jackson.png,,,,,US,etsy,brand: Michael Jackson,https://d1ud88wu9m1k4s.cloudfront.net/fulfill/design/2026/08/01/b2ae4b57d9edd1a6131573f8e5ae16d6.png
d005_paul-mccartney.png,,,,,US,etsy,brand: Paul McCartney,https://d1ud88wu9m1k4s.cloudfront.net/fulfill/design/2026/08/01/9527d5f782c6b311bc5076e70fd8c816.png
d006_paramore.png,,,,,US,etsy,brand: Paramore,https://d1ud88wu9m1k4s.cloudfront.net/fulfill/design/2026/08/03/f64e53eb356d952a0072ebe1d1de5892.png
d007_lil-wayne.png,,,,,US,etsy,brand: Lil Wayne,https://d1ud88wu9m1k4s.cloudfront.net/design/2025/05/07/A43069_ZwUULXdMgH3jPEVb0iQsLu7Lg_1746582410790.png
d008_sex-pistols.png,,,,,US,etsy,brand: Sex Pistols,https://d1ud88wu9m1k4s.cloudfront.net/fulfill/design/2026/08/03/6b71eccefe72274c1ee16f15811c06d5.png
d009_deftones.png,,,,,US,etsy,brand: Deftones,https://d1ud88wu9m1k4s.cloudfront.net/design/2026/07/21/A43069_1Rw5zNS9FZvQFKJkioC8iLbVl_1784598748540.png
d010_nike-parody-x-snorlax.png,,,,,US,etsy,brand: Nike (parody) x Snorlax | Nike (parody),https://d1ud88wu9m1k4s.cloudfront.net/design/2026/08/03/A24142_d1fdjVz6WCGd8Pmh3ICoRho5P_1785751945210.png
d011_ariana-grande.png,,,,,US,etsy,brand: Ariana Grande,https://d1ud88wu9m1k4s.cloudfront.net/fulfill/design/2026/08/03/d79d422732a990631b509b287b8c9cf5.png
d012_bogey-bros-golf-co.png,,,,,US,etsy,brand: Bogey Bros Golf Co | Bogey Bros,https://d1ud88wu9m1k4s.cloudfront.net/design/2025/09/19/A30392_CxfFSz9yg0mOyyVHQXnlQjTWQ_1758265506148.png
d013_drake.png,,,,,US,etsy,brand: Drake,https://d1ud88wu9m1k4s.cloudfront.net/design/2026/08/04/A9295_Hjq8gSmwMNOdSlMKQbtVtyOnj_1785806809083.png
d014_jjjjound-x-levi-strauss-co.png,,,,,US,etsy,brand: JJJJound x Levi Strauss & Co.,https://d1ud88wu9m1k4s.cloudfront.net/design/2026/08/04/A60898_gKmcksR8ihFJ6C6yipS5EP4ws_1785826021019.png
d015_hardy.png,,,,,US,etsy,brand: Hardy,https://d1ud88wu9m1k4s.cloudfront.net/design/2026/08/04/A9295_D1aMqwIsVbH8sW6PkYsGZxBT2_1785826171757.png
d016_nike.png,,,,,US,etsy,brand: Nike,https://d1ud88wu9m1k4s.cloudfront.net/design/2026/08/04/A30281_O1VRmpK7CnT80QW4maESUuX5W_1785841770589.png
d017_kanye-west.png,,,,,US,etsy,brand: Kanye West,https://d1ud88wu9m1k4s.cloudfront.net/design/2025/11/21/A34372_vTNmmYwQl1DSodwlkkMZBx3Wr_1763660042619.png
d018_guns-n-roses.png,,,,,US,etsy,brand: Guns N' Roses,https://d1ud88wu9m1k4s.cloudfront.net/fulfill/design/2026/08/05/ed947c3cb8ba14c693935db1389c297a.png
d019_oasis.png,,,,,US,etsy,brand: Oasis,https://d1ud88wu9m1k4s.cloudfront.net/design/2025/07/02/A6879_p9zLSa4oCQHr7ChhtGAOw5JIj_1751427176599.png
d020_shania-twain.png,,,,,US,etsy,brand: Shania Twain,https://d1ud88wu9m1k4s.cloudfront.net/design/2026/08/06/A9295_IH0bmMtI5WVLijYphfZFohbfD_1785978753723.png
d021_dale-earnhardt-x-wrangler.png,,,,,US,etsy,brand: Dale Earnhardt x Wrangler | Wrangler,https://d1ud88wu9m1k4s.cloudfront.net/design/2026/06/30/A43069_GdZbnljAtKqAhFwAAugTPHxOU_1782792812114.png
d022_nettspend.png,,,,,US,etsy,brand: Nettspend,https://d1ud88wu9m1k4s.cloudfront.net/fulfill/design/2026/08/05/c404548feb194b19f4683e59ebad7b9a.png
d023_taylor-swift.png,,,,,US,etsy,brand: Taylor Swift,https://d1ud88wu9m1k4s.cloudfront.net/design/2026/08/06/A34310_6an3aSryhHwd0ZaHf3oPIS1NM_1786031060553.png
d024_the-beatles.png,,,,,US,etsy,brand: The Beatles,https://d1ud88wu9m1k4s.cloudfront.net/fulfill/design/2026/08/07/e3636d38ede1992a0735213b43f87831.png
d025_janet-jackson.png,,,,,US,etsy,brand: Janet Jackson,https://d1ud88wu9m1k4s.cloudfront.net/design/2026/08/07/A43069_RY0Yv3MB11NFBEz4zxFGDy0HZ_1786075627473.png
d026_number-nine.png,,,,,US,etsy,brand: Number Nine,https://d1ud88wu9m1k4s.cloudfront.net/fulfill/design/2026/08/07/764e6b14db735f49339fdde4a90f4a85.png
d027_ariana-grande.png,,,,,US,etsy,brand: Ariana Grande,https://d1ud88wu9m1k4s.cloudfront.net/design/2026/07/28/A9295_H0fsAeoiygpPL2g1AsH0p9Ppc_1785202932505.png
d028_lil-wayne.png,,,,,US,etsy,brand: Lil Wayne,https://d1ud88wu9m1k4s.cloudfront.net/fulfill/design/2026/08/08/607f071210065fb168d3fc9e4f30615b.png
d029_stussy.png,,,,,US,etsy,brand: Stüssy,https://d1ud88wu9m1k4s.cloudfront.net/fulfill/design/2026/08/08/2364ceca8eee95ba2331bbe66a0bc250.png
d030_chanel-parody.png,,,,,US,etsy,brand: Chanel (parody),https://d1ud88wu9m1k4s.cloudfront.net/design/2026/03/22/A30392_PQvGlufWJjoCrzyL4G81v7RCS_1774172102097.png
d031_southpole.png,,,,,US,etsy,brand: Southpole,https://d1ud88wu9m1k4s.cloudfront.net/design/2026/02/16/A30392_Odp84HitNeQJ8KYCAoUBNCwpc_1771224967105.png
d032_the-1975.png,,,,,US,etsy,brand: The 1975,https://d1ud88wu9m1k4s.cloudfront.net/design/2025/07/09/A43069_8nPClYwGxlIx3t8kcaWEVQVi6_1752026140318.png
d033_ariana-grande.png,,,,,US,etsy,brand: Ariana Grande,https://d1ud88wu9m1k4s.cloudfront.net/fulfill/design/2026/08/10/67528f2732fac6d843084e1446d75064.png
d034_the-weeknd.png,,,,,US,etsy,brand: The Weeknd,https://d1ud88wu9m1k4s.cloudfront.net/fulfill/design/2026/08/11/3487dbce5845f98571698ed24ce2243c.png
d035_guns-n-roses.png,,,,,US,etsy,brand: Guns N' Roses,https://d1ud88wu9m1k4s.cloudfront.net/fulfill/design/2026/08/11/b54d7d986bb807ba8c541315c284c0dc.png
d036_kanye-west.png,,,,,US,etsy,brand: Kanye West,https://d1ud88wu9m1k4s.cloudfront.net/design/2026/08/11/A39221_mxdW8uvzH98dp3bsqB5IlvxuE_1786441235556.png
d037_kiss.png,,,,,US,etsy,brand: KISS,https://d1ud88wu9m1k4s.cloudfront.net/design/2025/10/29/A36237_mwgG36z6TJm7Su3RaJRMaNGdM_1761703008039.png
d038_roxy.png,,,,,US,etsy,brand: Roxy,https://d1ud88wu9m1k4s.cloudfront.net/fulfill/design/2026/08/12/86ba0e8f8e04b44662723ccf2e8913be.png
d039_hysteric-glamour.png,,,,,US,etsy,brand: Hysteric Glamour,https://d1ud88wu9m1k4s.cloudfront.net/fulfill/design/2026/08/13/e202178efac6d33f9dd8213463682bdc.png
d040_nike.png,,,,,US,etsy,brand: Nike,https://d1ud88wu9m1k4s.cloudfront.net/design/2026/08/13/A59278_Vp6yUTl6o4Dh0FZwnV6gygaKQ_1786609032332.png
d041_paul-frank.png,,,,,US,etsy,brand: Paul Frank,https://d1ud88wu9m1k4s.cloudfront.net/fulfill/design/2026/08/13/1f6d8d8f52b465de63b6a2241a09f2ce.png
d042_vivienne-westwood.png,,,,,US,etsy,brand: Vivienne Westwood,https://d1ud88wu9m1k4s.cloudfront.net/fulfill/design/2026/08/13/97ad2ad1c954b2ae6f243bbaca8a8ac1.png
d043_queens-of-the-stone-age.png,,,,,US,etsy,brand: Queens of the Stone Age,https://d1ud88wu9m1k4s.cloudfront.net/fulfill/design/2026/08/13/01f8efc5879c56dc7a4d9067753328be.png
d044_adidas.png,,,,,US,etsy,brand: adidas,https://d1ud88wu9m1k4s.cloudfront.net/design/2026/08/14/A14448_h0UlIf4ouNzOSNUUpa18VWWLT_1786661913070.png
d045_queens-of-the-stone-age.png,,,,,US,etsy,brand: Queens of the Stone Age,https://d1ud88wu9m1k4s.cloudfront.net/fulfill/design/2026/08/14/d272c34871215df077dfd1e923227d05.png
d046_michael-jackson.png,,,,,US,etsy,brand: Michael Jackson,https://d1ud88wu9m1k4s.cloudfront.net/fulfill/design/2026/05/22/fd84aee2fab3afad68856f04e5160752.png
d047_rammstein.png,,,,,US,etsy,brand: Rammstein,https://d1ud88wu9m1k4s.cloudfront.net/fulfill/design/2026/08/14/8cb9ae018a67185e9fa03eaec95bbde6.png
d048_tokio-hotel.png,,,,,US,etsy,brand: Tokio Hotel,https://d1ud88wu9m1k4s.cloudfront.net/design/2026/04/09/A9295_ZL2FVxLyI1G1FJ7DLtLn3y9ct_1775729400993.png
d049_grateful-dead.png,,,,,US,etsy,brand: Grateful Dead,https://d1ud88wu9m1k4s.cloudfront.net/design/2026/08/17/A62180_9v2j1y5hXAFmSW5daH2XF0Itq_1786951675965.png
d050_morgan-wallen.png,,,,,US,etsy,brand: Morgan Wallen,https://d1ud88wu9m1k4s.cloudfront.net/design/2026/08/17/A61382_9KXpInxS4ir6MmC9BwCCwj6C2_1786944871993.png
d051_paul-mccartney.png,,,,,US,etsy,brand: Paul McCartney,https://d1ud88wu9m1k4s.cloudfront.net/fulfill/design/2026/08/17/4d0342e0c6a0df9df6aec26bb86f03be.png
d052_pierce-the-veil.png,,,,,US,etsy,brand: Pierce the Veil,https://d1ud88wu9m1k4s.cloudfront.net/design/2025/05/14/A9295_ocNboWdy9y54SOSoNs3llotNe_1747213348182.png
d053_olivia-rodrigo.png,,,,,US,etsy,brand: Olivia Rodrigo,https://d1ud88wu9m1k4s.cloudfront.net/fulfill/design/2026/08/17/6de0abfd7c2033ce809c2d357b38c5b3.png
d054_ariana-grande.png,,,,,US,etsy,brand: Ariana Grande,https://d1ud88wu9m1k4s.cloudfront.net/fulfill/design/2026/08/18/a37ced5725b137fd9a2f6f0b7f40c163.png
d055_beabadoobee.png,,,,,US,etsy,brand: Beabadoobee,https://d1ud88wu9m1k4s.cloudfront.net/design/2025/12/01/A9295_gmDs31BYliZMI1T3saMJKHZP4_1764579178268.png
d056_anti-social-social-club-x-snoopy.png,,,,,US,etsy,brand: Anti Social Social Club x Snoopy,https://d1ud88wu9m1k4s.cloudfront.net/design/2026/08/19/A12356_XNlmmUNYuuegZfFziZhbYW7NZ_1787126517336.png
d057_travis-scott.png,,,,,US,etsy,brand: Travis Scott,https://d1ud88wu9m1k4s.cloudfront.net/design/2026/08/19/A12356_x7iIeKqTlYjfmWjaoC6c3sB3Z_1787126154770.png
d058_maison-margiela.png,,,,,US,etsy,brand: Maison Margiela,https://d1ud88wu9m1k4s.cloudfront.net/fulfill/design/2026/08/20/c40b7050d43f7e20cb582539cd4ee1e6.png
d059_guns-n-roses.png,,,,,US,etsy,brand: Guns N' Roses,https://d1ud88wu9m1k4s.cloudfront.net/fulfill/design/2026/08/01/a233ce5529f36e775ebc023e303685bb.png
d060_nine-inch-nails.png,,,,,US,etsy,brand: Nine Inch Nails,https://d1ud88wu9m1k4s.cloudfront.net/fulfill/design/2026/08/01/2646f6041f27a71960df4ef135147d8a.png
d061_lil-wayne.png,,,,,US,etsy,brand: Lil Wayne,https://d1ud88wu9m1k4s.cloudfront.net/fulfill/design/2026/08/01/3b437a15a30ee2dc46c8e997a6b357aa.png
d062_prince.png,,,,,US,etsy,brand: Prince,https://d1ud88wu9m1k4s.cloudfront.net/design/2026/08/02/A61985_MKuq0IuBtsT2ZyizAPt1vWq1a_1785663752723.png
d063_grateful-dead.png,,,,,US,etsy,brand: Grateful Dead,https://d1ud88wu9m1k4s.cloudfront.net/design/2026/01/19/A24059_sAZ4m6PZ3eoj1FCjOkPvRChTf_1768789890339.png
d064_nike.png,,,,,US,etsy,brand: Nike,https://d1ud88wu9m1k4s.cloudfront.net/design/2026/08/02/A43007_dq9znWin5cL0a2QTJeaflL1Nd_1785681810383.png
d065_queens-of-the-stone-age.png,,,,,US,etsy,brand: Queens of the Stone Age,https://d1ud88wu9m1k4s.cloudfront.net/fulfill/design/2026/08/03/19cb14821cd351589bcc89122cafd161.png
d066_beastie-boys.png,,,,,US,etsy,brand: Beastie Boys,https://d1ud88wu9m1k4s.cloudfront.net/design/2025/11/19/A36237_o8rdmliC52QE9gNXg0x15SuqY_1763541024091.png
d067_blackpink.png,,,,,US,etsy,brand: BLACKPINK,https://d1ud88wu9m1k4s.cloudfront.net/fulfill/design/2026/08/03/d9ed76667bd8dec703a5e999c4fad194.png
d068_backstreet-boys.png,,,,,US,etsy,brand: Backstreet Boys,https://d1ud88wu9m1k4s.cloudfront.net/fulfill/design/2026/08/03/44abc6b882296a5830d45bfcf8e2c2d9.png
d069_backstreet-boys.png,,,,,US,etsy,brand: Backstreet Boys,https://d1ud88wu9m1k4s.cloudfront.net/fulfill/design/2026/08/03/5f1f7f1f2a1893cd807b1c7706f24d40.png
d070_noah-kahan.png,,,,,US,etsy,brand: Noah Kahan,https://d1ud88wu9m1k4s.cloudfront.net/fulfill/design/2026/08/03/63aa0efdfb089a923299612f372a4ce7.png
d071_kansas-city-chiefs-x-nike-x-mick.png,,,,,US,etsy,brand: Kansas City Chiefs x Nike x Mickey Mouse,https://d1ud88wu9m1k4s.cloudfront.net/fulfill/design/2026/08/04/fc4128d2c5330fc339dbfef97c752334.png
d072_beastie-boys.png,,,,,US,etsy,brand: Beastie Boys,https://d1ud88wu9m1k4s.cloudfront.net/fulfill/design/2026/08/05/eb89113833d20c0859e3f43c6cc3d637.png
d073_paramore.png,,,,,US,etsy,brand: Paramore,https://d1ud88wu9m1k4s.cloudfront.net/design/2026/08/05/A16859_17Kv6FoSMlmTNsUYfo9sAUdgh_1785919887714.png
d074_nike-parody.png,,,,,US,etsy,brand: Nike (parody),https://d1ud88wu9m1k4s.cloudfront.net/design/2026/08/05/A9456_kgdi4pxdjVH6DCghmXjskAkaA_1785940434771.png
d075_paul-frank.png,,,,,US,etsy,brand: Paul Frank,https://d1ud88wu9m1k4s.cloudfront.net/design/2026/08/05/A60857_rmxJevY6DaJ9se1TMqqKcli2p_1785949155665.png
d076_patagonia.png,,,,,US,etsy,brand: Patagonia,https://d1ud88wu9m1k4s.cloudfront.net/fulfill/design/2026/07/26/f1c4352451877e3fc1dc12cd8d89b296.png
d077_the-weeknd.png,,,,,US,etsy,brand: The Weeknd,https://d1ud88wu9m1k4s.cloudfront.net/fulfill/design/2026/08/06/b23bef05a79b7e053bfe9dae841d02f5.png
d078_sam-smith-x-vivienne-westwood.png,,,,,US,etsy,brand: Sam Smith x Vivienne Westwood,https://d1ud88wu9m1k4s.cloudfront.net/design/2026/08/07/A9295_pYOa0nsZEZTfXOto42ZFdYleB_1786066770119.png
d079_taylor-swift.png,,,,,US,etsy,brand: Taylor Swift,https://d1ud88wu9m1k4s.cloudfront.net/fulfill/design/2026/08/07/5d730d57e780082ffb7bc6daf23d7ad4.png
d080_kanye-west.png,,,,,US,etsy,brand: Kanye West,https://d1ud88wu9m1k4s.cloudfront.net/design/2026/03/13/A9295_M6UXiAZCyDn0uqPFF658P5kXb_1773369122645.png
d081_nike-parody.png,,,,,US,etsy,brand: Nike (parody),https://d1ud88wu9m1k4s.cloudfront.net/design/2026/08/08/A39221_ZuteNwv4HiQQgOw86H5DwckHO_1786155927317.png
d082_jordan.png,,,,,US,etsy,brand: Jordan | Air Jordan,https://d1ud88wu9m1k4s.cloudfront.net/design/2026/08/08/A43007_eDGzHMkyZwJV9zD7SdMM16Wkt_1786203458442.png
d083_mazzy-star.png,,,,,US,etsy,brand: Mazzy Star,https://d1ud88wu9m1k4s.cloudfront.net/design/2026/02/18/A34532_3M6nByWko0pxXY1Ib9yXfNxLr_1771392363616.png
d084_the-black-crowes.png,,,,,US,etsy,brand: The Black Crowes,https://d1ud88wu9m1k4s.cloudfront.net/fulfill/design/2026/08/10/8700bd789f552c519e93cdf211ec0600.png
d085_david-bowie-x-nine-inch-nails.png,,,,,US,etsy,brand: David Bowie x Nine Inch Nails,https://d1ud88wu9m1k4s.cloudfront.net/design/2026/03/24/A43069_8tNgHl3qhbjYq1aKZcNlCavhX_1774317520467.png
d086_the-who.png,,,,,US,etsy,brand: The Who,https://d1ud88wu9m1k4s.cloudfront.net/fulfill/design/2026/08/10/d3b89565da8ed6672f5742d0cf1aa96a.png
d087_jordan-x-michigan-wolverines.png,,,,,US,etsy,brand: Jordan x Michigan Wolverines,https://d1ud88wu9m1k4s.cloudfront.net/fulfill/design/2026/08/10/096e2a8a994569257bded2b321563928.png
d088_nine-inch-nails-x-quake.png,,,,,US,etsy,brand: Nine Inch Nails x Quake,https://d1ud88wu9m1k4s.cloudfront.net/fulfill/design/2026/08/10/fdca55dc1b4ed9b1e8617991c696d4c6.png
d089_nine-inch-nails.png,,,,,US,etsy,brand: Nine Inch Nails,https://d1ud88wu9m1k4s.cloudfront.net/fulfill/design/2026/08/10/9c418a2d758a31d9e9ecc1010a299b87.png
d090_ariana-grande.png,,,,,US,etsy,brand: Ariana Grande,https://d1ud88wu9m1k4s.cloudfront.net/design/2026/08/11/A12356_z0TRAjsUzq46hguXkA4eVke17_1786415211763.png
d091_grateful-dead.png,,,,,US,etsy,brand: Grateful Dead,https://d1ud88wu9m1k4s.cloudfront.net/fulfill/design/2026/08/11/741de54cae161a6e2f6f947b091c072f.png
d092_cannibal-corpse.png,,,,,US,etsy,brand: Cannibal Corpse,https://d1ud88wu9m1k4s.cloudfront.net/fulfill/design/2026/08/11/2dc4ba1a92371fd3dd09914ba99fa385.png
d093_levi-s.png,,,,,US,etsy,brand: Levi's,https://d1ud88wu9m1k4s.cloudfront.net/design/2026/08/11/A36124_L2EbS9JDt8Jku18ZWP1Al9vqY_1786441625382.png
d094_the-beatles.png,,,,,US,etsy,brand: The Beatles,https://d1ud88wu9m1k4s.cloudfront.net/fulfill/design/2026/08/12/c57da96804bbeeb1c4d30a50961df3b4.png
d095_lil-wayne.png,,,,,US,etsy,brand: Lil Wayne,https://d1ud88wu9m1k4s.cloudfront.net/fulfill/design/2026/08/12/e72672e32a204ac057776ed0071eeebd.png
d096_deftones.png,,,,,US,etsy,brand: Deftones,https://d1ud88wu9m1k4s.cloudfront.net/design/2026/08/12/A60857_8FckQ4V4EmCOgJl9R0nCyigfq_1786551072794.png
d097_bape.png,,,,,US,etsy,brand: BAPE,https://d1ud88wu9m1k4s.cloudfront.net/fulfill/design/2026/08/12/55d17bc2afd99ac367ae4e83f1799556.png
d098_sabrina-carpenter.png,,,,,US,etsy,brand: Sabrina Carpenter,https://d1ud88wu9m1k4s.cloudfront.net/design/2026/08/13/A12356_WQptB4FNgqSYWtkIexWIBHSu9_1786586521790.png
d099_pearl-jam.png,,,,,US,etsy,brand: Pearl Jam,https://d1ud88wu9m1k4s.cloudfront.net/design/2026/08/13/A9295_lX68lwrHbWXWOXJHj3nr3XPeB_1786590741176.png
d100_die-toten-hosen.png,,,,,US,etsy,brand: Die Toten Hosen,https://d1ud88wu9m1k4s.cloudfront.net/design/2026/08/10/A30298_IV5YYANoRDoV4346Hy7k2ugMi_1786374857442.png
d101_nike-x-mlb.png,,,,,US,etsy,brand: Nike x MLB,https://d1ud88wu9m1k4s.cloudfront.net/fulfill/design/2026/08/13/939d21834f782e16fc4578496902351c.png
d102_all-time-low.png,,,,,US,etsy,brand: All Time Low,https://d1ud88wu9m1k4s.cloudfront.net/design/2026/08/14/A9295_WQdjzYYTZto8g3Qqz7c9mdwhD_1786672569391.png
d103_firetrap.png,,,,,US,etsy,brand: Firetrap,https://d1ud88wu9m1k4s.cloudfront.net/fulfill/design/2026/08/14/516c54deabbf1836155143c37e32163f.png
d104_prince.png,,,,,US,etsy,brand: Prince,https://d1ud88wu9m1k4s.cloudfront.net/fulfill/design/2026/08/14/109df6bf7b140c533618e70f436d5fac.png
d105_nettspend.png,,,,,US,etsy,brand: Nettspend,https://d1ud88wu9m1k4s.cloudfront.net/fulfill/design/2026/08/08/6bc2413ed5a196e8e3e7af99b8ce38d8.png
d106_ariana-grande.png,,,,,US,etsy,brand: Ariana Grande,https://d1ud88wu9m1k4s.cloudfront.net/fulfill/design/2026/08/17/2438e912953a1b96732bfd823aa84326.png
d107_ariat.png,,,,,US,etsy,brand: Ariat,https://d1ud88wu9m1k4s.cloudfront.net/fulfill/design/2026/08/17/3551268938bcd47b9b091d9040ff0309.png
d108_iron-maiden.png,,,,,US,etsy,brand: Iron Maiden,https://d1ud88wu9m1k4s.cloudfront.net/fulfill/design/2026/08/17/77882d45eee4ac4cc796fec33d836812.png
d109_hellstar.png,,,,,US,etsy,brand: Hellstar,https://d1ud88wu9m1k4s.cloudfront.net/design/2026/05/23/A43069_1q9q8sKzvig04qI4wc1bqHBl4_1779501411314.png
d110_the-rolling-stones.png,,,,,US,etsy,brand: The Rolling Stones,https://d1ud88wu9m1k4s.cloudfront.net/design/2026/08/17/A42790_iCPoR9gPB6v0jdTAq4LyTVlZ7_1786973490289.png
d111_beabadoobee.png,,,,,US,etsy,brand: Beabadoobee,https://d1ud88wu9m1k4s.cloudfront.net/fulfill/design/2026/08/18/5493bca181848ab6629890024f666b08.png
d112_ralph-lauren.png,,,,,US,etsy,brand: Ralph Lauren,https://d1ud88wu9m1k4s.cloudfront.net/design/2026/08/19/A52777_auafOUJ1oWtruZ4uvkk1sDJYA_1787130736505.png
d113_kiss.png,,,,,US,etsy,brand: KISS,https://d1ud88wu9m1k4s.cloudfront.net/design/2026/02/20/A9295_1gFYsVWWt1szMncYnhsIZ4bZA_1771547637827.png
d114_afi.png,,,,,US,etsy,brand: AFI,https://d1ud88wu9m1k4s.cloudfront.net/fulfill/design/2026/08/19/52bfa9170dbdbf827a96d90641ef3706.png
d115_the-beatles.png,,,,,US,etsy,brand: The Beatles,https://d1ud88wu9m1k4s.cloudfront.net/fulfill/design/2026/08/19/b4d53a66884093c409ba99c1a9ba3b9d.png
d116_american-apparel.png,,,,,US,etsy,brand: American Apparel,https://d1ud88wu9m1k4s.cloudfront.net/fulfill/design/2026/08/19/13ce0e238c204f41ba9e60c0ed73a7ea.png
d117_backstreet-boys.png,,,,,US,etsy,brand: Backstreet Boys,https://d1ud88wu9m1k4s.cloudfront.net/design/2026/08/20/A23181_BmnNF9B02RKEIT61QfytvKDGb_1787200042236.png
d118_nike-x-ewu.png,,,,,US,etsy,brand: Nike x EWU | Nike x Edward Waters University,https://d1ud88wu9m1k4s.cloudfront.net/fulfill/design/2026/08/20/072f1236e5ab226d8b20454aa4ccd8dd.png
d119_ac-dc-x-the-simpsons.png,,,,,US,etsy,brand: AC/DC x The Simpsons,https://d1ud88wu9m1k4s.cloudfront.net/design/2025/05/21/A9295_IwOcbVnhImYKg45Kk2MsPp9ni_1747822869424.png
d120_cannibal-corpse.png,,,,,US,etsy,brand: Cannibal Corpse,https://d1ud88wu9m1k4s.cloudfront.net/design/2026/08/01/A43069_LiycOpdTB8l3CsgFcYyyqIj3w_1785553368944.png
d121_olivia-rodrigo.png,,,,,US,etsy,brand: Olivia Rodrigo,https://d1ud88wu9m1k4s.cloudfront.net/fulfill/design/2026/08/01/2a8e4c9a2d6a7cb3c440306be8d1a403.png
d122_justin-bieber.png,,,,,US,etsy,brand: Justin Bieber,https://d1ud88wu9m1k4s.cloudfront.net/fulfill/design/2026/08/01/8b6f887179d47bbd5a7d4b36b6058521.png
d123_lil-wayne.png,,,,,US,etsy,brand: Lil Wayne,https://d1ud88wu9m1k4s.cloudfront.net/fulfill/design/2026/08/01/5ae77e337bc7f4fa844b9e37bf98dad9.png
d124_the-hundreds-x-sesame-street.png,,,,,US,etsy,brand: The Hundreds x Sesame Street,https://d1ud88wu9m1k4s.cloudfront.net/fulfill/design/2026/08/01/b1d1fe2c68fc53586f761567bfe942e7.png
d125_ariana-grande.png,,,,,US,etsy,brand: Ariana Grande,https://d1ud88wu9m1k4s.cloudfront.net/design/2026/04/14/A9295_2F3yZt6CgfA1WlqUoCDBZdjez_1776161960212.png
d126_de-la-soul.png,,,,,US,etsy,brand: De La Soul,https://d1ud88wu9m1k4s.cloudfront.net/design/2025/08/18/A43069_mBYpGnm4lLHgKph7226YTDDBP_1755480876655.png
d127_deftones.png,,,,,US,etsy,brand: Deftones,https://d1ud88wu9m1k4s.cloudfront.net/fulfill/design/2026/08/03/2a2c67e0a714fe8e94a615520b2d3c18.png
d128_iron-maiden.png,,,,,US,etsy,brand: Iron Maiden,https://d1ud88wu9m1k4s.cloudfront.net/fulfill/design/2026/08/03/2cfbf2223471c937199bb4a0328bc60a.png
d129_guns-n-roses.png,,,,,US,etsy,brand: Guns N' Roses,https://d1ud88wu9m1k4s.cloudfront.net/design/2026/08/03/A60898_v3tX28617EL6j0PpGE0phazk4_1785744989360.png
d130_rusty.png,,,,,US,etsy,brand: Rusty,https://d1ud88wu9m1k4s.cloudfront.net/fulfill/design/2026/08/03/eaedbce62b560b20f1510a5e13b0670d.png
d131_beabadoobee.png,,,,,US,etsy,brand: Beabadoobee,https://d1ud88wu9m1k4s.cloudfront.net/fulfill/design/2026/08/03/42871a21984652aaa8da1fc8a0026234.png
d132_the-go-go-s.png,,,,,US,etsy,brand: The Go-Go's,https://d1ud88wu9m1k4s.cloudfront.net/design/2025/03/18/A42612_FUcThMz8bazj2pn2ORqvPImA6_1742309304337.png
d133_guns-n-roses.png,,,,,US,etsy,brand: Guns N' Roses,https://d1ud88wu9m1k4s.cloudfront.net/fulfill/design/2026/08/04/4b9714dfc9680ad6e7f1610c35b9b677.png
d134_olivia-dean.png,,,,,US,etsy,brand: Olivia Dean,https://d1ud88wu9m1k4s.cloudfront.net/fulfill/design/2026/08/04/24aada5b448b706705f1e4cf76762e4a.png
d135_kiss-x-milwaukee-brewers.png,,,,,US,etsy,brand: KISS x Milwaukee Brewers,https://d1ud88wu9m1k4s.cloudfront.net/design/2026/08/04/A35704_lrPCKri8FboWoQNruZQZlgpwj_1785832770092.png
d136_old-guys-rule.png,,,,,US,etsy,brand: Old Guys Rule,https://d1ud88wu9m1k4s.cloudfront.net/fulfill/design/2026/08/04/c8e9434c3e5e42502620cb38b0c4f91a.png
d137_beabadoobee.png,,,,,US,etsy,brand: Beabadoobee,https://d1ud88wu9m1k4s.cloudfront.net/fulfill/design/2026/08/05/5493bca181848ab6629890024f666b08.png
d138_paul-mccartney.png,,,,,US,etsy,brand: Paul McCartney,https://d1ud88wu9m1k4s.cloudfront.net/fulfill/design/2026/08/05/4d0342e0c6a0df9df6aec26bb86f03be.png
d139_ariana-grande.png,,,,,US,etsy,brand: Ariana Grande,https://d1ud88wu9m1k4s.cloudfront.net/fulfill/design/2026/08/06/b5df67babfe8371b1f7c52c6e893165d.png
d140_sp5der.png,,,,,US,etsy,brand: Sp5der,https://d1ud88wu9m1k4s.cloudfront.net/fulfill/design/2026/08/06/5634cfd8d93d2d1971570f51e72540e0.png
d141_metallica.png,,,,,US,etsy,brand: Metallica,https://d1ud88wu9m1k4s.cloudfront.net/fulfill/design/2026/08/06/11dc30cb52876b335c882cd1628e8112.png
d142_eastside-golf.png,,,,,US,etsy,brand: Eastside Golf,https://d1ud88wu9m1k4s.cloudfront.net/design/2026/08/06/A30392_evS1XoRux7krZhQXyuFg8uH0P_1786024647735.png
d143_billabong.png,,,,,US,etsy,brand: Billabong,https://d1ud88wu9m1k4s.cloudfront.net/design/2026/08/07/A60898_jkbBupgOgl7pmbwWR5VJOAiNi_1786073281962.png
d144_nine-inch-nails.png,,,,,US,etsy,brand: Nine Inch Nails,https://d1ud88wu9m1k4s.cloudfront.net/fulfill/design/2026/08/07/65479129199deb1deac9a06f40803fae.png
d145_paul-frank.png,,,,,US,etsy,brand: Paul Frank,https://d1ud88wu9m1k4s.cloudfront.net/fulfill/design/2026/08/07/c31b90ca598b26e3e4b9ec6363cc23af.png
d146_tim-mcgraw.png,,,,,US,etsy,brand: Tim McGraw,https://d1ud88wu9m1k4s.cloudfront.net/fulfill/design/2026/08/07/686203a6a24fcc979ac680764c882fc9.png
d147_greta-van-fleet.png,,,,,US,etsy,brand: Greta Van Fleet,https://d1ud88wu9m1k4s.cloudfront.net/design/2025/08/25/A34532_Pr7XBV0Uxtzuersqmbk73sRkJ_1756173761446.png
d148_fox-racing.png,,,,,US,etsy,brand: Fox Racing,https://d1ud88wu9m1k4s.cloudfront.net/fulfill/design/2026/04/09/c05b29bd407c9045be51c000bc87ac2f.png
d149_indiana-fever-x-nike.png,,,,,US,etsy,brand: Indiana Fever x Nike,https://d1ud88wu9m1k4s.cloudfront.net/fulfill/design/2026/08/08/169657fcee1feae7d3ac72358071f635.png
d150_def-leppard.png,,,,,US,etsy,brand: Def Leppard,https://d1ud88wu9m1k4s.cloudfront.net/design/2026/08/09/A30281_0x6L68rpR8LzBCBK4F9nQmMWO_1786212774241.png
d151_american-apparel-x-lana-del-rey.png,,,,,US,etsy,brand: American Apparel x Lana Del Rey,https://d1ud88wu9m1k4s.cloudfront.net/fulfill/design/2026/08/09/13ce0e238c204f41ba9e60c0ed73a7ea.png
d152_black-sabbath.png,,,,,US,etsy,brand: Black Sabbath,https://d1ud88wu9m1k4s.cloudfront.net/fulfill/design/2026/08/09/788775097128350a45c948f84c255cda.png
d153_firetrap.png,,,,,US,etsy,brand: Firetrap,https://d1ud88wu9m1k4s.cloudfront.net/fulfill/design/2026/08/10/516c54deabbf1836155143c37e32163f.png
d154_nine-inch-nails.png,,,,,US,etsy,brand: Nine Inch Nails,https://d1ud88wu9m1k4s.cloudfront.net/design/2026/03/25/A43069_7q5tR3CyXLvReIFvDEIdyDKkM_1774412460276.png
d155_ac-dc.png,,,,,US,etsy,brand: AC/DC,https://d1ud88wu9m1k4s.cloudfront.net/design/2026/08/09/A30281_UrHE5XKtJLcts1Y83WU6zzsU1_1786214136415.png
d156_blink-182.png,,,,,US,etsy,brand: Blink-182,https://d1ud88wu9m1k4s.cloudfront.net/design/2026/08/10/A36123_iP3rf1zBp3l7Fe031M1y31aOU_1786357588583.png
d157_lil-wayne.png,,,,,US,etsy,brand: Lil Wayne,https://d1ud88wu9m1k4s.cloudfront.net/fulfill/design/2026/08/10/eb4020c77874eb8e3f9733be99e98352.png
d158_ariana-grande.png,,,,,US,etsy,brand: Ariana Grande,https://d1ud88wu9m1k4s.cloudfront.net/fulfill/design/2026/08/10/a37ced5725b137fd9a2f6f0b7f40c163.png
d159_tokio-hotel.png,,,,,US,etsy,brand: Tokio Hotel,https://d1ud88wu9m1k4s.cloudfront.net/design/2025/03/22/A9295_nydxw9BXV6LDx3mAdEAZCCb14_1742612375302.png
d160_tupac-shakur-x-marilyn-monroe.png,,,,,US,etsy,brand: Tupac Shakur x Marilyn Monroe | Tupac Shakur,https://d1ud88wu9m1k4s.cloudfront.net/fulfill/design/2026/08/10/d30fb5cdd45a7f6e77142fb5091d7820.png
d161_britney-spears-x-paris-hilton-x-.png,,,,,US,etsy,brand: Britney Spears x Paris Hilton x Lindsay Lohan,https://d1ud88wu9m1k4s.cloudfront.net/design/2026/08/11/A30392_Q9KXAstNHiGRBANVjMgH92CUE_1786444044829.png
d162_the-weeknd.png,,,,,US,etsy,brand: The Weeknd,https://d1ud88wu9m1k4s.cloudfront.net/fulfill/design/2026/08/12/d1ad0a5c94458d04c5297b87c2192090.png
d163_hello-kitty-x-anti-social-social.png,,,,,US,etsy,brand: Hello Kitty x Anti Social Social Club,https://d1ud88wu9m1k4s.cloudfront.net/fulfill/design/2026/08/12/2846397929c650f4577a0cde1b4281ba.png
d164_nike.png,,,,,US,etsy,brand: Nike,https://d1ud88wu9m1k4s.cloudfront.net/fulfill/design/2026/08/12/939d21834f782e16fc4578496902351c.png
d165_ariana-grande.png,,,,,US,etsy,brand: Ariana Grande,https://d1ud88wu9m1k4s.cloudfront.net/fulfill/design/2026/08/12/67528f2732fac6d843084e1446d75064.png
d166_famous-stars-and-straps.png,,,,,US,etsy,brand: Famous Stars and Straps,https://d1ud88wu9m1k4s.cloudfront.net/fulfill/design/2025/12/19/e8333b42ea35400d70051e93c1af75d6.png
d167_playboi-carti.png,,,,,US,etsy,brand: Playboi Carti,https://d1ud88wu9m1k4s.cloudfront.net/design/2025/11/11/A9295_ZbY8vzVMWmeM2YZffb00qQoGi_1762856094203.png
d168_die-toten-hosen.png,,,,,US,etsy,brand: Die Toten Hosen,https://d1ud88wu9m1k4s.cloudfront.net/design/2026/08/10/A30298_QDSKGSQLMJx5cNqEn9eNaBFqZ_1786374397906.png
d169_nike.png,,,,,US,etsy,brand: Nike,https://d1ud88wu9m1k4s.cloudfront.net/design/2026/04/15/A59278_cZFRTW7aKJjMCapxqIpQ0JMse_1776254586402.png
d170_ariana-grande.png,,,,,US,etsy,brand: Ariana Grande,https://d1ud88wu9m1k4s.cloudfront.net/fulfill/design/2026/08/13/67528f2732fac6d843084e1446d75064.png
d171_jordan.png,,,,,US,etsy,brand: Jordan,https://d1ud88wu9m1k4s.cloudfront.net/design/2026/08/13/A43007_cnTVjCbz1KhRVZR4o0Wgjzbs0_1786632312838.png
d172_prince.png,,,,,US,etsy,brand: Prince,https://d1ud88wu9m1k4s.cloudfront.net/fulfill/design/2026/08/14/cdb13adafd4fe39d0c1903b2ca1566df.png
d173_the-weeknd.png,,,,,US,etsy,brand: The Weeknd,https://d1ud88wu9m1k4s.cloudfront.net/fulfill/design/2026/08/15/3487dbce5845f98571698ed24ce2243c.png
d174_kiss.png,,,,,US,etsy,brand: KISS,https://d1ud88wu9m1k4s.cloudfront.net/fulfill/design/2026/08/15/0489a8785d71edfeae5a1a0499bfb67e.png
d175_ariana-grande.png,,,,,US,etsy,brand: Ariana Grande,https://d1ud88wu9m1k4s.cloudfront.net/fulfill/design/2026/07/28/a17d906723a4609893cd71c1ce8acdc6.png
d176_bon-jovi.png,,,,,US,etsy,brand: Bon Jovi,https://d1ud88wu9m1k4s.cloudfront.net/design/2026/08/17/A24142_FZ0gdN3I2ZBtxIj7bfMajSh5M_1786937438910.png
d177_nike-x-katseye.png,,,,,US,etsy,brand: Nike x KATSEYE,https://d1ud88wu9m1k4s.cloudfront.net/fulfill/design/2026/08/17/3826632b6a0e850c22b1e9f219b22461.png
d178_nine-inch-nails-x-quake.png,,,,,US,etsy,brand: Nine Inch Nails x Quake,https://d1ud88wu9m1k4s.cloudfront.net/fulfill/design/2026/08/17/fdca55dc1b4ed9b1e8617991c696d4c6.png
d179_supreme.png,,,,,US,etsy,brand: Supreme,https://d1ud88wu9m1k4s.cloudfront.net/fulfill/design/2026/08/17/c0a693fb1cad838bad442c91fefa1bd9.png
d180_noah-kahan.png,,,,,US,etsy,brand: Noah Kahan,https://d1ud88wu9m1k4s.cloudfront.net/fulfill/design/2026/08/17/36361d0deb5bbad976ff81a625868431.png
d181_converse.png,,,,,US,etsy,brand: Converse,https://d1ud88wu9m1k4s.cloudfront.net/design/2026/08/05/A54939_d9aUhMe6d4Q197w9IGPr7KlwZ_1785917736263.png
d182_asics-parody.png,,,,,US,etsy,brand: ASICS (parody),https://d1ud88wu9m1k4s.cloudfront.net/fulfill/design/2026/08/18/43a10764ec0bd3a0f4ee2b7a652576b4.png
d183_first-lite.png,,,,,US,etsy,brand: First Lite,https://d1ud88wu9m1k4s.cloudfront.net/fulfill/design/2025/11/18/617159f9ba9f5954860a254cef71396e.png
d184_paramore.png,,,,,US,etsy,brand: Paramore,https://d1ud88wu9m1k4s.cloudfront.net/fulfill/design/2026/08/20/2969314d48fa1cebf73629f4f1e80171.png
d185_nike-x-snoopy.png,,,,,US,etsy,brand: Nike x Snoopy,https://d1ud88wu9m1k4s.cloudfront.net/fulfill/design/2026/08/20/32b5e4b344d559ebb889eeeacc7de494.png
d186_firetrap.png,,,,,US,etsy,brand: Firetrap,https://d1ud88wu9m1k4s.cloudfront.net/fulfill/design/2026/08/20/516c54deabbf1836155143c37e32163f.png
d187_the-weeknd.png,,,,,US,etsy,brand: The Weeknd,https://d1ud88wu9m1k4s.cloudfront.net/design/2026/08/01/A27567_UtLcECKFyE0HyQuz5Eofs42xq_1785565328355.png
d188_noah-kahan.png,,,,,US,etsy,brand: Noah Kahan,https://d1ud88wu9m1k4s.cloudfront.net/fulfill/design/2026/08/01/83b6b8597ba7dac8c0c71f0a1a7f08f8.png
d189_tokio-hotel.png,,,,,US,etsy,brand: Tokio Hotel,https://d1ud88wu9m1k4s.cloudfront.net/fulfill/design/2026/08/01/6cd4a952a71322c9ffecda6ff26b6278.png
d190_paul-frank.png,,,,,US,etsy,brand: Paul Frank,https://d1ud88wu9m1k4s.cloudfront.net/fulfill/design/2026/08/01/095eb6ff48786490452d676833949254.png
d191_old-guys-rule.png,,,,,US,etsy,brand: Old Guys Rule,https://d1ud88wu9m1k4s.cloudfront.net/fulfill/design/2026/08/01/fa53c8dbff0157a035fbbd6b245d4326.png
d192_destroy-lonely.png,,,,,US,etsy,brand: Destroy Lonely,https://d1ud88wu9m1k4s.cloudfront.net/fulfill/design/2026/08/01/e2e37d3737fedd080198c1050062665a.png
d193_noah-kahan.png,,,,,US,etsy,brand: Noah Kahan,https://d1ud88wu9m1k4s.cloudfront.net/fulfill/design/2026/08/03/12591dc1a711a75021536225aa2f317a.png
d194_bon-jovi.png,,,,,US,etsy,brand: Bon Jovi,https://d1ud88wu9m1k4s.cloudfront.net/fulfill/design/2026/08/03/e495e780baf173753cd63aee839433c4.png
d195_tim-mcgraw.png,,,,,US,etsy,brand: Tim McGraw,https://d1ud88wu9m1k4s.cloudfront.net/fulfill/design/2026/08/03/bed0bb3529a3d343df41be644d44c7d4.png
d196_ariana-grande.png,,,,,US,etsy,brand: Ariana Grande,https://d1ud88wu9m1k4s.cloudfront.net/fulfill/design/2026/08/03/8ea5a2742e7dfd26c0b6348c817d6782.png
d197_the-strokes.png,,,,,US,etsy,brand: The Strokes,https://d1ud88wu9m1k4s.cloudfront.net/fulfill/design/2026/08/03/1b72ebfe5d43be723361b50d79dcd171.png
d198_tapout.png,,,,,US,etsy,brand: Tapout,https://d1ud88wu9m1k4s.cloudfront.net/design/2026/01/24/A30392_NI9OSmXhTVz3dOWO911T9V0ma_1769260093327.png
d199_post-malone.png,,,,,US,etsy,brand: Post Malone,https://d1ud88wu9m1k4s.cloudfront.net/design/2026/08/03/A43069_TKLuN1dENn7cMHU29bst3Hkyq_1785751163491.png
d200_guns-n-roses.png,,,,,US,etsy,brand: Guns N' Roses,https://d1ud88wu9m1k4s.cloudfront.net/fulfill/design/2026/08/04/b54d7d986bb807ba8c541315c284c0dc.png
d201_nine-inch-nails.png,,,,,US,etsy,brand: Nine Inch Nails,https://d1ud88wu9m1k4s.cloudfront.net/design/2026/08/04/A35296_Ptnwq01bEEzNl8DuiMDBd9hWo_1785834922560.png
d202_conan-gray.png,,,,,US,etsy,brand: Conan Gray,https://d1ud88wu9m1k4s.cloudfront.net/design/2025/12/01/A9295_FMJqDhNO4tJz5KCCfLaxrtIKX_1764597190920.png
d203_ringo-starr.png,,,,,US,etsy,brand: Ringo Starr | The Beatles,https://d1ud88wu9m1k4s.cloudfront.net/design/2025/11/27/A30392_rtsxVJA7fFt1gs6Hf74tnyDea_1764218030335.png
d204_slipknot.png,,,,,US,etsy,brand: Slipknot,https://d1ud88wu9m1k4s.cloudfront.net/design/2026/08/05/A9295_Xd0dvqBI8CylNx14A53RjsllJ_1785892674724.png
d205_justin-bieber.png,,,,,US,etsy,brand: Justin Bieber,https://d1ud88wu9m1k4s.cloudfront.net/fulfill/design/2026/08/05/ac6a9023ff1dfb32ca4ed55891094021.png
d206_morgan-wallen.png,,,,,US,etsy,brand: Morgan Wallen,https://d1ud88wu9m1k4s.cloudfront.net/fulfill/design/2026/08/05/6876075581bd74dba72160ed6e27c588.png
d207_demi-lovato.png,,,,,US,etsy,brand: Demi Lovato,https://d1ud88wu9m1k4s.cloudfront.net/fulfill/design/2026/08/05/558495fbd73dde3efa9fc86c1c35b353.png
d208_avril-lavigne.png,,,,,US,etsy,brand: Avril Lavigne,https://d1ud88wu9m1k4s.cloudfront.net/design/2026/08/06/A9295_qIl6Dhap5dGJ47gXxjLAGfbDC_1786001422988.png
d209_demi-lovato.png,,,,,US,etsy,brand: Demi Lovato,https://d1ud88wu9m1k4s.cloudfront.net/design/2026/08/07/A9295_IjOBNRSW73GLcIgn0iionBoyW_1786073389870.png
d210_shawn-mendes.png,,,,,US,etsy,brand: Shawn Mendes,https://d1ud88wu9m1k4s.cloudfront.net/design/2026/03/27/A35132_RKccugipBO7tkzgrVFXrOa3ah_1774579957514.png
d211_gracie-abrams.png,,,,,US,etsy,brand: Gracie Abrams,https://d1ud88wu9m1k4s.cloudfront.net/design/2025/12/02/A9295_cel6x54dkotXjShIaYM7dIyGY_1764670491697.png
d212_ariana-grande.png,,,,,US,etsy,brand: Ariana Grande,https://d1ud88wu9m1k4s.cloudfront.net/fulfill/design/2026/08/07/520fa9d706c1dedee3f0821dc8049467.png
d213_billabong.png,,,,,US,etsy,brand: Billabong,https://d1ud88wu9m1k4s.cloudfront.net/design/2026/08/07/A60898_i6JWTIGSR9EVHVe0QvphutSI1_1786119688151.png
d214_ed-hardy.png,,,,,US,etsy,brand: Ed Hardy,https://d1ud88wu9m1k4s.cloudfront.net/design/2025/11/04/A30392_TlXh1fR2G0RRfzhbnDhdPEgPa_1762229123214.png
d215_all-time-low.png,,,,,US,etsy,brand: All Time Low,https://d1ud88wu9m1k4s.cloudfront.net/design/2026/07/27/A9295_pzRTREvku97AZlxUlHiqIgRHP_1785126431283.png
d216_beastie-boys.png,,,,,US,etsy,brand: Beastie Boys,https://d1ud88wu9m1k4s.cloudfront.net/fulfill/design/2026/08/08/190f4aee53b553b6c8660ea48a182c1a.png
d217_big-johnson.png,,,,,US,etsy,brand: Big Johnson,https://d1ud88wu9m1k4s.cloudfront.net/design/2025/08/13/A43069_0KIm5kS3yoCZ3nHha8XuDpTqV_1755074280555.png
d218_children-of-bodom.png,,,,,US,etsy,brand: Children of Bodom,https://d1ud88wu9m1k4s.cloudfront.net/design/2026/08/08/A43069_c1sYmxPLZLc59CzoEY5zLqjJR_1786162034497.png
d219_roxy.png,,,,,US,etsy,brand: Roxy,https://d1ud88wu9m1k4s.cloudfront.net/fulfill/design/2026/08/08/e9578f5f3318fef6496e2c33a5efa4e9.png
d220_t-c-surf-designs.png,,,,,US,etsy,brand: T&C Surf Designs,https://d1ud88wu9m1k4s.cloudfront.net/fulfill/design/2026/08/08/17da5c3212282092a21118d2a90cc8d7.png
d221_nine-vicious.png,,,,,US,etsy,brand: Nine Vicious,https://d1ud88wu9m1k4s.cloudfront.net/design/2026/04/16/A58820_J6XQovglHtH2npd4Q8YzbHmGj_1776329819399.png
d222_billy-joel.png,,,,,US,etsy,brand: Billy Joel,https://d1ud88wu9m1k4s.cloudfront.net/design/2026/08/08/A9295_58NZYuun7Po7pxSWgy6r2Jwzc_1786162781525.png
d223_david-bowie.png,,,,,US,etsy,brand: David Bowie,https://d1ud88wu9m1k4s.cloudfront.net/design/2026/04/18/A43069_eyDsqDtphoHqz2MDdygOh2yaa_1776476507839.png
d224_def-leppard.png,,,,,US,etsy,brand: Def Leppard,https://d1ud88wu9m1k4s.cloudfront.net/design/2026/08/11/A30281_pN54Ulnma9T5gt41BiR8ywbdv_1786387423025.png
d225_firetrap.png,,,,,US,etsy,brand: Firetrap,https://d1ud88wu9m1k4s.cloudfront.net/fulfill/design/2026/08/11/516c54deabbf1836155143c37e32163f.png
d226_electric-callboy.png,,,,,US,etsy,brand: Electric Callboy,https://d1ud88wu9m1k4s.cloudfront.net/fulfill/design/2026/08/11/b4c09283677e6c8ead53591b4d1c9bd9.png
d227_cactus-jack.png,,,,,US,etsy,brand: Cactus Jack,https://d1ud88wu9m1k4s.cloudfront.net/fulfill/design/2026/08/11/1711049246f8383c7ba1347cabb841a9.png
d228_bape.png,,,,,US,etsy,brand: BAPE,https://d1ud88wu9m1k4s.cloudfront.net/fulfill/design/2026/08/11/ab053592d6a546fdba1b25bd28642cbf.png
d229_public-enemy.png,,,,,US,etsy,brand: Public Enemy,https://d1ud88wu9m1k4s.cloudfront.net/design/2026/08/12/A9295_B2oDuzKxC2ca30BL6pB3emoIp_1786523318456.png
d230_pierce-the-veil.png,,,,,US,etsy,brand: Pierce the Veil,https://d1ud88wu9m1k4s.cloudfront.net/fulfill/design/2026/08/12/903fbf7352f76cea3b91ff4d9304ce35.png
d231_paramore.png,,,,,US,etsy,brand: Paramore,https://d1ud88wu9m1k4s.cloudfront.net/design/2026/08/12/A9295_BpiFjJKNGR5h5yR8fGw5qjOUf_1786526089963.png
d232_social-distortion.png,,,,,US,etsy,brand: Social Distortion,https://d1ud88wu9m1k4s.cloudfront.net/design/2026/08/12/A9295_RbfjnH6jAjEOwyAe2RgVgesxI_1786528150258.png
d233_workman-parody.png,,,,,US,etsy,brand: Workman (parody),https://d1ud88wu9m1k4s.cloudfront.net/design/2026/06/16/A30392_kdfkDxo11zepqx5hnaX1rdeOF_1781577584035.png
d234_ken-carson.png,,,,,US,etsy,brand: Ken Carson,https://d1ud88wu9m1k4s.cloudfront.net/design/2026/08/13/A9295_UO7NYZIEFO6NzHJslGqRpomO4_1786593649102.png
d235_ozzy-osbourne.png,,,,,US,etsy,brand: Ozzy Osbourne,https://d1ud88wu9m1k4s.cloudfront.net/design/2026/08/13/A39221_stNf12btQ3mcwy7VWu2Q6zx49_1786598504518.png
d236_nike.png,,,,,US,etsy,brand: Nike,https://d1ud88wu9m1k4s.cloudfront.net/design/2026/08/13/A59278_6xr93TTebgqMPd97u7N6IThnW_1786612872327.png
d237_paul-frank.png,,,,,US,etsy,brand: Paul Frank,https://d1ud88wu9m1k4s.cloudfront.net/fulfill/design/2026/08/13/2b5720ec5cacc037e1475715046abc8f.png
d238_stussy.png,,,,,US,etsy,brand: Stüssy,https://d1ud88wu9m1k4s.cloudfront.net/design/2026/08/14/A14448_Aiw2DA7bcl21sTx7e3DqDzsXm_1786664085613.png
d239_iron-maiden.png,,,,,US,etsy,brand: Iron Maiden,https://d1ud88wu9m1k4s.cloudfront.net/design/2026/08/14/A30965_UfPYTQtmJSSDolBroNIvmwIIK_1786674800061.png
d240_guns-n-roses.png,,,,,US,etsy,brand: Guns N' Roses,https://d1ud88wu9m1k4s.cloudfront.net/fulfill/design/2026/08/14/f584efe2a43e044c0cf7cf5115c38617.png
d241_guns-n-roses.png,,,,,US,etsy,brand: Guns N' Roses,https://d1ud88wu9m1k4s.cloudfront.net/design/2026/08/14/A16859_DBncp8oFfJ1E8Hn1Zs8wID71K_1786698547907.png
d242_vineyard-vines.png,,,,,US,etsy,brand: vineyard vines,https://d1ud88wu9m1k4s.cloudfront.net/design/2026/04/29/A30965_Pkho8G3wFzSfnOkI682RvjgXL_1777468397640.png
d243_frank-zappa.png,,,,,US,etsy,brand: Frank Zappa,https://d1ud88wu9m1k4s.cloudfront.net/design/2026/04/14/A9295_la7RoTetYK6jKs6TlZUxByiVg_1776135319897.png
d244_michael-jackson.png,,,,,US,etsy,brand: Michael Jackson,https://d1ud88wu9m1k4s.cloudfront.net/fulfill/design/2026/08/15/b866af9f63cc76499d19c17dd889fa42.png
d245_oasis.png,,,,,US,etsy,brand: OASIS,https://d1ud88wu9m1k4s.cloudfront.net/fulfill/design/2026/08/16/c5ac8c1e8b03475d56213ef1a9e6c0d7.png
d246_ariat.png,,,,,US,etsy,brand: Ariat,https://d1ud88wu9m1k4s.cloudfront.net/fulfill/design/2026/08/17/99370a860a6b1118351c2c0d3dfb1ceb.png
d247_firetrap.png,,,,,US,etsy,brand: Firetrap,https://d1ud88wu9m1k4s.cloudfront.net/fulfill/design/2026/08/17/ab215ec89edd74607d6dd455bd13088a.png
d248_lady-gaga.png,,,,,US,etsy,brand: Lady Gaga,https://d1ud88wu9m1k4s.cloudfront.net/design/2026/08/17/A39221_AI72oK58p59nagFwP1AJAGghJ_1786954232068.png
d249_cactus-jack.png,,,,,US,etsy,brand: Cactus Jack,https://d1ud88wu9m1k4s.cloudfront.net/fulfill/design/2026/08/17/1711049246f8383c7ba1347cabb841a9.png
d250_social-distortion.png,,,,,US,etsy,brand: Social Distortion,https://d1ud88wu9m1k4s.cloudfront.net/fulfill/design/2026/08/17/de7a3553448a09883e2fcea2639b33c8.png
d251_ariana-grande.png,,,,,US,etsy,brand: Ariana Grande,https://d1ud88wu9m1k4s.cloudfront.net/fulfill/design/2026/08/17/67528f2732fac6d843084e1446d75064.png
d252_the-strokes.png,,,,,US,etsy,brand: The Strokes,https://d1ud88wu9m1k4s.cloudfront.net/fulfill/design/2026/08/17/1810eff39e886c38c3df79a7e49276bc.png
d253_nettspend.png,,,,,US,etsy,brand: Nettspend,https://d1ud88wu9m1k4s.cloudfront.net/fulfill/design/2026/08/08/f77900e7dddaff109e0ac409e22449d0.png
d254_grateful-dead.png,,,,,US,etsy,brand: Grateful Dead,https://d1ud88wu9m1k4s.cloudfront.net/fulfill/design/2026/08/18/e1ac3f596315f9d24bfc2d2414d7d3c1.png
d255_quiksilver.png,,,,,US,etsy,brand: Quiksilver,https://d1ud88wu9m1k4s.cloudfront.net/fulfill/design/2026/08/19/6c9dcc1408f18915546ba69f4e27b8a1.png
d256_metallica.png,,,,,US,etsy,brand: Metallica,https://d1ud88wu9m1k4s.cloudfront.net/fulfill/design/2026/08/19/3eaaefa9c965b39191f64706354110a0.png
d257_quiksilver-parody.png,,,,,US,etsy,brand: Quiksilver (parody),https://d1ud88wu9m1k4s.cloudfront.net/fulfill/design/2026/08/20/5e3c1a6161ef9b2c4e7caa572c2069b0.png
d258_taylor-swift.png,,,,,US,etsy,brand: Taylor Swift,https://d1ud88wu9m1k4s.cloudfront.net/fulfill/design/2026/08/20/49303c4ad46f13f67ae0ae54fb996726.png
d259_firetrap.png,,,,,US,etsy,brand: Firetrap,https://d1ud88wu9m1k4s.cloudfront.net/fulfill/design/2026/08/20/ab215ec89edd74607d6dd455bd13088a.png
d260_kanye-west.png,,,,,US,etsy,brand: Kanye West,https://d1ud88wu9m1k4s.cloudfront.net/fulfill/design/2026/08/20/e8810a6fb27cd0007774cf91a031a407.png
d261_firetrap.png,,,,,US,etsy,brand: Firetrap,https://d1ud88wu9m1k4s.cloudfront.net/fulfill/design/2026/08/21/516c54deabbf1836155143c37e32163f.png
d262_green-day.png,,,,,US,etsy,brand: Green Day,https://d1ud88wu9m1k4s.cloudfront.net/design/2026/08/01/A43069_RrLvCzYFoJTxCmPJuF0KPnpxw_1785553431991.png
d263_deftones.png,,,,,US,etsy,brand: Deftones,https://d1ud88wu9m1k4s.cloudfront.net/fulfill/design/2026/08/01/9aef27f7b7736c420ceac41a07d95b5b.png
d264_backstreet-boys.png,,,,,US,etsy,brand: Backstreet Boys,https://d1ud88wu9m1k4s.cloudfront.net/fulfill/design/2026/08/01/5f1f7f1f2a1893cd807b1c7706f24d40.png
d265_nike-parody.png,,,,,US,etsy,brand: Nike (parody),https://d1ud88wu9m1k4s.cloudfront.net/design/2026/08/01/A42068_nA6WwxTTFrdV68CaQ2snFUqoa_1785599206533.png
d266_wet-leg.png,,,,,US,etsy,brand: Wet Leg,https://d1ud88wu9m1k4s.cloudfront.net/design/2026/04/28/A9295_KR2cw15ZOkb9lxfdfbbYLUwnr_1777351589450.png
d267_ocean-pacific.png,,,,,US,etsy,brand: Ocean Pacific,https://d1ud88wu9m1k4s.cloudfront.net/fulfill/design/2026/08/03/faeb385cf6195a2dcdc0430613f802cb.png
d268_jordan.png,,,,,US,etsy,brand: Jordan,https://d1ud88wu9m1k4s.cloudfront.net/design/2026/06/11/A43007_VYZTgJR800pspxnXiGKOL7bHH_1781150000959.png
d269_o-neill.png,,,,,US,etsy,brand: O'Neill,https://d1ud88wu9m1k4s.cloudfront.net/design/2026/08/04/A36237_MfWHoqtxGZoBiOclmBEJP0YD9_1785801120892.png
d270_lady-gaga.png,,,,,US,etsy,brand: Lady Gaga,https://d1ud88wu9m1k4s.cloudfront.net/design/2026/03/17/A43069_P3gios48XOCi1gN0JxA7WBpll_1773733742914.png
d271_billy-joel-x-rod-stewart.png,,,,,US,etsy,brand: Billy Joel x Rod Stewart,https://d1ud88wu9m1k4s.cloudfront.net/design/2025/09/17/A34532_RQV2zAHpcZTYyaxXrH6QjgACT_1758157579910.png
d272_slipknot.png,,,,,US,etsy,brand: Slipknot,https://d1ud88wu9m1k4s.cloudfront.net/fulfill/design/2026/08/04/73eaeb404930821b862744f6525f7eae.png
d273_ben-davis-parody.png,,,,,US,etsy,brand: Ben Davis (parody),https://d1ud88wu9m1k4s.cloudfront.net/fulfill/design/2025/09/15/80014a004850090f53b92ce0f58b9946.png
d274_madonna.png,,,,,US,etsy,brand: Madonna,https://d1ud88wu9m1k4s.cloudfront.net/design/2026/08/05/A16859_C2yvPxO1xPnUhsxztSDwJmrNM_1785896820357.png
d275_michael-jackson.png,,,,,US,etsy,brand: Michael Jackson,https://d1ud88wu9m1k4s.cloudfront.net/design/2026/08/04/A24142_Dwu6zITIWGoqwqcwORudm1W7v_1785832193006.png
d276_machine-gun-kelly.png,,,,,US,etsy,brand: Machine Gun Kelly,https://d1ud88wu9m1k4s.cloudfront.net/design/2026/08/05/A24142_U68n6rXOWyBHbSiaL9Hcmdyf4_1785900324939.png
d277_afi.png,,,,,US,etsy,brand: AFI,https://d1ud88wu9m1k4s.cloudfront.net/design/2026/05/25/A43069_bMwDLTFAP3BeKyiDnpU8lPIlE_1779684741933.png
d278_rammstein.png,,,,,US,etsy,brand: Rammstein,https://d1ud88wu9m1k4s.cloudfront.net/design/2025/08/25/A9295_jza3sb5nl27p0wkDL1KJzZrPd_1756116736065.png
d279_stussy.png,,,,,US,etsy,brand: Stüssy,https://d1ud88wu9m1k4s.cloudfront.net/fulfill/design/2026/08/06/36e3d6ab9db65a73543f5145c49a334b.png
d280_queen.png,,,,,US,etsy,brand: Queen,https://d1ud88wu9m1k4s.cloudfront.net/design/2026/08/06/A34310_lBonKLecDMj4PKcsFaEevx3dF_1786029219824.png
d281_ratt.png,,,,,US,etsy,brand: Ratt,https://d1ud88wu9m1k4s.cloudfront.net/design/2026/08/07/A18697_DYr9MP3iyBPNQovXN6f4jh16z_1786092348256.png
d282_chrome-hearts-x-a-bathing-ape.png,,,,,US,etsy,brand: Chrome Hearts x A Bathing Ape,https://d1ud88wu9m1k4s.cloudfront.net/fulfill/design/2026/08/08/714c00ba2594d55e2ae6fe74a3945eee.png
d283_billy-joel.png,,,,,US,etsy,brand: Billy Joel,https://d1ud88wu9m1k4s.cloudfront.net/fulfill/design/2026/08/08/4d45817f684a80484575f63cf3bd4ec8.png
d284_a-bathing-ape.png,,,,,US,etsy,brand: A Bathing Ape,https://d1ud88wu9m1k4s.cloudfront.net/fulfill/design/2026/08/10/1a388eb688760ebfd5c2d5303b4398b7.png
d285_noah-kahan.png,,,,,US,etsy,brand: Noah Kahan,https://d1ud88wu9m1k4s.cloudfront.net/fulfill/design/2026/06/04/589071e1fb1599706d3d4d8a98e5d41d.png
d286_britney-spears.png,,,,,US,etsy,brand: Britney Spears,https://d1ud88wu9m1k4s.cloudfront.net/design/2026/08/10/A9295_aRTAefG9G50OsLXDEtIFq7WI6_1786345435610.png
d287_guns-n-roses.png,,,,,US,etsy,brand: Guns N' Roses,https://d1ud88wu9m1k4s.cloudfront.net/fulfill/design/2026/08/10/4b9714dfc9680ad6e7f1610c35b9b677.png
d288_deftones.png,,,,,US,etsy,brand: Deftones,https://d1ud88wu9m1k4s.cloudfront.net/fulfill/design/2026/08/10/66b7bfcc28185ca4cce75cb22fbc88fb.png
d289_social-distortion.png,,,,,US,etsy,brand: Social Distortion,https://d1ud88wu9m1k4s.cloudfront.net/fulfill/design/2026/08/10/a609138c34c1cbfe69b2ec71efefcca3.png
d290_lil-wayne.png,,,,,US,etsy,brand: Lil Wayne,https://d1ud88wu9m1k4s.cloudfront.net/fulfill/design/2026/08/10/e483a1e12e8c0a19008ee4e15a2f5e1d.png
d291_deftones.png,,,,,US,etsy,brand: Deftones,https://d1ud88wu9m1k4s.cloudfront.net/fulfill/design/2026/08/10/1f26cf330d7ff54e02d69e1fe78ed09b.png
d292_deftones.png,,,,,US,etsy,brand: Deftones,https://d1ud88wu9m1k4s.cloudfront.net/fulfill/design/2026/08/11/f23014439d2cb1db413cd8408a8d72f2.png
d293_deftones.png,,,,,US,etsy,brand: Deftones,https://d1ud88wu9m1k4s.cloudfront.net/fulfill/design/2026/08/11/0e7f0d5eb2d26d88069c0059db13011e.png
d294_bad-bunny.png,,,,,US,etsy,brand: Bad Bunny,https://d1ud88wu9m1k4s.cloudfront.net/design/2026/08/11/A60616_U91qGhvMnQTevnCbeg632NNKC_1786451188437.png
d295_avril-lavigne.png,,,,,US,etsy,brand: Avril Lavigne,https://d1ud88wu9m1k4s.cloudfront.net/fulfill/design/2026/08/12/b85b411a4d1de63a38c7f0409d363398.png
d296_mazzy-star.png,,,,,US,etsy,brand: Mazzy Star,https://d1ud88wu9m1k4s.cloudfront.net/fulfill/design/2026/08/13/fc9f6e601b411bbd00928070e82d9f69.png
d297_nike.png,,,,,US,etsy,brand: Nike,https://d1ud88wu9m1k4s.cloudfront.net/design/2026/04/15/A59278_e1uyfpBDMa4nFRBvIht9ZB2pe_1776251869271.png
d298_victoria-s-secret-pink.png,,,,,US,etsy,brand: Victoria's Secret PINK,https://d1ud88wu9m1k4s.cloudfront.net/fulfill/design/2026/08/13/6fcb8da89092a6cfb14cdbf38f97bca2.png
d299_cannibal-corpse.png,,,,,US,etsy,brand: Cannibal Corpse,https://d1ud88wu9m1k4s.cloudfront.net/fulfill/design/2026/08/14/454ef48d5de997a60b84d9b2e0d04f2e.png
d300_stussy-x-nike.png,,,,,US,etsy,brand: Stüssy x Nike,https://d1ud88wu9m1k4s.cloudfront.net/fulfill/design/2026/08/14/350de2a0ba7d04ea79b8cab6a8f01438.png
d301_deftones.png,,,,,US,etsy,brand: Deftones,https://d1ud88wu9m1k4s.cloudfront.net/fulfill/design/2026/08/15/a5e8feab7eca2750050be629fecf2361.png
d302_john-lennon.png,,,,,US,etsy,brand: John Lennon,https://d1ud88wu9m1k4s.cloudfront.net/design/2026/08/15/A30392_odCm6QFNaixjwlKsoGlODGVLr_1786788303756.png
d303_kanye-west.png,,,,,US,etsy,brand: Kanye West,https://d1ud88wu9m1k4s.cloudfront.net/design/2026/03/24/A9295_7ZLZdpzMQLRd3QMl8hqTCd291_1774347121977.png
d304_ac-dc.png,,,,,US,etsy,brand: AC/DC,https://d1ud88wu9m1k4s.cloudfront.net/design/2026/08/17/A9295_UiSwBVh2IvuILUrxxh8b0OzyJ_1786954384844.png
d305_nine-inch-nails.png,,,,,US,etsy,brand: Nine Inch Nails,https://d1ud88wu9m1k4s.cloudfront.net/fulfill/design/2026/08/17/4f4bb6e1ca3fbf203945bc14c24a4487.png
d306_scorpions.png,,,,,US,etsy,brand: Scorpions,https://d1ud88wu9m1k4s.cloudfront.net/design/2026/08/17/A9295_F9sd5knsIQAnYA45vcARdHV2f_1786953766331.png
d307_kanye-west.png,,,,,US,etsy,brand: Kanye West,https://d1ud88wu9m1k4s.cloudfront.net/fulfill/design/2026/08/17/fc8aaae6c66c030289aa876135db157b.png
d308_deftones.png,,,,,US,etsy,brand: Deftones,https://d1ud88wu9m1k4s.cloudfront.net/fulfill/design/2026/08/18/c65055c1caf4bb4b5fd14287e66e2675.png
d309_firetrap.png,,,,,US,etsy,brand: Firetrap,https://d1ud88wu9m1k4s.cloudfront.net/fulfill/design/2026/08/18/516c54deabbf1836155143c37e32163f.png
d310_bon-jovi.png,,,,,US,etsy,brand: Bon Jovi,https://d1ud88wu9m1k4s.cloudfront.net/fulfill/design/2026/08/18/f8453ba97b2cec4d85b678de3a3ff2ca.png
d311_pierce-the-veil.png,,,,,US,etsy,brand: Pierce the Veil,https://d1ud88wu9m1k4s.cloudfront.net/fulfill/design/2026/08/08/ea7f552f0494c13d27ab2b6fd86ad40f.png
d312_roxy-music.png,,,,,US,etsy,brand: Roxy Music,https://d1ud88wu9m1k4s.cloudfront.net/design/2025/04/15/A9295_m8G6Qh3dZl5EzzSE58YD2Qpsu_1744685842430.png
d313_grateful-dead-x-new-york-yankees.png,,,,,US,etsy,brand: Grateful Dead x New York Yankees,https://d1ud88wu9m1k4s.cloudfront.net/fulfill/design/2026/08/18/6f8bf37c280d369fa2f9531f634759ac.png
d314_elton-john.png,,,,,US,etsy,brand: Elton John,https://d1ud88wu9m1k4s.cloudfront.net/design/2026/02/22/A30281_eAFcyzpslYNSRLR4ktqlJuYKR_1771712044899.png
d315_the-black-crowes.png,,,,,US,etsy,brand: The Black Crowes,https://d1ud88wu9m1k4s.cloudfront.net/design/2026/08/20/A9295_1RW7sjV0Bp2d8jSFq3KoUSztB_1787209254556.png
d316_deftones.png,,,,,US,etsy,brand: Deftones,https://d1ud88wu9m1k4s.cloudfront.net/fulfill/design/2026/08/20/368e559ae8c775fcaaf3efc5bf978347.png
d317_nike-parody.png,,,,,US,etsy,brand: Nike (parody),https://d1ud88wu9m1k4s.cloudfront.net/design/2026/05/17/A34808_aU3tNYmK8QT7IVSKIIFJ48KNN_1779033870958.png
d318_children-of-bodom.png,,,,,US,etsy,brand: Children of Bodom,https://d1ud88wu9m1k4s.cloudfront.net/design/2025/09/08/A35866_6fLBv29RNYZdhgDphIOWv0hhg_1757304030930.png
d319_noah-kahan.png,,,,,US,etsy,brand: Noah Kahan,https://d1ud88wu9m1k4s.cloudfront.net/fulfill/design/2026/08/01/545ffbcec917885ad26839964e8fe092.png
d320_nike.png,,,,,US,etsy,brand: Nike,https://d1ud88wu9m1k4s.cloudfront.net/design/2026/08/02/A43007_wezAi4pirlsA6ZRHht1CKYlnN_1785644029434.png
d321_demi-lovato.png,,,,,US,etsy,brand: Demi Lovato,https://d1ud88wu9m1k4s.cloudfront.net/fulfill/design/2026/08/02/31b2a21ad1f2365a9640183e46204bb1.png
d322_nike-parody.png,,,,,US,etsy,brand: Nike (parody),https://d1ud88wu9m1k4s.cloudfront.net/design/2025/09/16/A34808_mxpGTNOjbv6tJnYXA2ToS22PK_1757963347460.png
d323_noah-kahan.png,,,,,US,etsy,brand: Noah Kahan,https://d1ud88wu9m1k4s.cloudfront.net/fulfill/design/2026/08/04/5b0660ba1a2697221f57e81d8fdf1b44.png
d324_stussy.png,,,,,US,etsy,brand: Stüssy,https://d1ud88wu9m1k4s.cloudfront.net/fulfill/design/2026/08/04/9f66e515e0a1ff592df8e60cd7faf0b1.png
d325_black-sabbath.png,,,,,US,etsy,brand: Black Sabbath,https://d1ud88wu9m1k4s.cloudfront.net/design/2026/08/04/A4922_4D1VkB5g7sr2RwqpOa0EgSSD9_1785861991441.png
d326_noah-kahan.png,,,,,US,etsy,brand: Noah Kahan,https://d1ud88wu9m1k4s.cloudfront.net/fulfill/design/2026/07/28/30ed34704ff608030cb7d0ce95007488.png
d327_ozzy-osbourne.png,,,,,US,etsy,brand: Ozzy Osbourne,https://d1ud88wu9m1k4s.cloudfront.net/design/2026/08/05/A42790_pohU4Wm2nazRQwPu8DvpZ3bSJ_1785913696529.png
d328_paul-frank.png,,,,,US,etsy,brand: Paul Frank,https://d1ud88wu9m1k4s.cloudfront.net/design/2026/08/05/A41944_ugg796ZOjcAH7xOjsCyHNbJcB_1785915301735.png
d329_nike-x-fc-barcelona-x-travis-sco.png,,,,,US,etsy,brand: Nike x FC Barcelona x Travis Scott,https://d1ud88wu9m1k4s.cloudfront.net/fulfill/design/2026/08/05/4d992b23f98f09f41b32b13db01ac402.png
d330_air-jordan-parody.png,,,,,US,etsy,brand: Air Jordan (parody),https://d1ud88wu9m1k4s.cloudfront.net/design/2026/08/02/A43007_Tz3mJNsqb2XEMqVSM8HruwcdJ_1785643355779.png
d331_paul-frank.png,,,,,US,etsy,brand: Paul Frank,https://d1ud88wu9m1k4s.cloudfront.net/design/2026/08/06/A60857_jOLsmm1AfMlet481SJyDgDRNI_1785949870529.png
d332_david-bowie.png,,,,,US,etsy,brand: David Bowie,https://d1ud88wu9m1k4s.cloudfront.net/design/2025/12/02/A43069_7ksQitWukvC6oEwmTZ8cUPt9C_1764647021333.png
d333_daniel-caesar.png,,,,,US,etsy,brand: Daniel Caesar,https://d1ud88wu9m1k4s.cloudfront.net/design/2026/08/06/A36035_iR5rK76r0Bn4iGoFRSqFXIPdM_1785987591556.png
d334_pantera.png,,,,,US,etsy,brand: Pantera,https://d1ud88wu9m1k4s.cloudfront.net/fulfill/design/2026/08/06/a23c043de6893704ef803cf98dc6c902.png
d335_guns-n-roses.png,,,,,US,etsy,brand: Guns N' Roses,https://d1ud88wu9m1k4s.cloudfront.net/fulfill/design/2026/08/06/e151a691dde3b3bc61c504b5953a4259.png
d336_gucci.png,,,,,US,etsy,brand: Gucci,https://d1ud88wu9m1k4s.cloudfront.net/design/2026/08/06/A31727_JewPmiIgEEDkMYIoDvDWY5SzK_1785989978591.png
d337_guns-n-roses.png,,,,,US,etsy,brand: Guns N' Roses,https://d1ud88wu9m1k4s.cloudfront.net/fulfill/design/2026/08/07/f9ffb7f9484dc4bd7c2ea909e5e50619.png
d338_nike-parody.png,,,,,US,etsy,brand: Nike (parody),https://d1ud88wu9m1k4s.cloudfront.net/design/2026/08/08/A30281_AQWFlNcid3Vucqn4EDYNN4oqJ_1786148769784.png
d339_tokio-hotel.png,,,,,US,etsy,brand: Tokio Hotel,https://d1ud88wu9m1k4s.cloudfront.net/fulfill/design/2026/08/08/b497e7f2559cea089f0b547f3010a5ae.png
d340_lonsdale.png,,,,,US,etsy,brand: Lonsdale,https://d1ud88wu9m1k4s.cloudfront.net/fulfill/design/2026/08/08/c706312e55a3847c491a56f6d8b36519.png
d341_jordan.png,,,,,US,etsy,brand: Jordan,https://d1ud88wu9m1k4s.cloudfront.net/design/2026/08/08/A61037_3iadygoba5pKmSCQmllBQI5LI_1786163182768.png
d342_t-c-surf-designs.png,,,,,US,etsy,brand: T&C Surf Designs,https://d1ud88wu9m1k4s.cloudfront.net/fulfill/design/2026/08/08/7fbf422e256db7331bcdc125e61d0952.png
d343_converse.png,,,,,US,etsy,brand: Converse,https://d1ud88wu9m1k4s.cloudfront.net/design/2026/08/10/A61997_QU2R8gYlqpH3wmF7gNLG6uCl6_1786315992298.png
d344_the-beach-boys.png,,,,,US,etsy,brand: The Beach Boys,https://d1ud88wu9m1k4s.cloudfront.net/design/2026/02/20/A43069_zKfJ8WphO0TwU30vlsOZJaraA_1771597135903.png
d345_queens-of-the-stone-age.png,,,,,US,etsy,brand: Queens of the Stone Age,https://d1ud88wu9m1k4s.cloudfront.net/fulfill/design/2026/08/10/8740abded9fb90f4fe4bddd266eeee73.png
d346_sex-pistols.png,,,,,US,etsy,brand: Sex Pistols,https://d1ud88wu9m1k4s.cloudfront.net/design/2025/05/19/A9295_IatxYvCFIw6ug2ggdjKC3OSez_1747628192496.png
d347_paul-frank.png,,,,,US,etsy,brand: Paul Frank,https://d1ud88wu9m1k4s.cloudfront.net/fulfill/design/2026/08/11/fd6728b0ff96429424466b95019e06d9.png
d348_guns-n-roses.png,,,,,US,etsy,brand: Guns N' Roses,https://d1ud88wu9m1k4s.cloudfront.net/fulfill/design/2026/08/11/def5e4310fcb94a24e22b9c8a85e1775.png
d349_chrome-hearts.png,,,,,US,etsy,brand: Chrome Hearts,https://d1ud88wu9m1k4s.cloudfront.net/fulfill/design/2026/08/11/1d3edf77cbf4aa4d92896f4c21036860.png
d350_queens-of-the-stone-age.png,,,,,US,etsy,brand: Queens of the Stone Age,https://d1ud88wu9m1k4s.cloudfront.net/design/2026/08/13/A9295_O18Q4jxVQB9G3ZWwMHO9SHlHC_1786590739567.png
d351_die-toten-hosen.png,,,,,US,etsy,brand: Die Toten Hosen,https://d1ud88wu9m1k4s.cloudfront.net/design/2026/08/10/A30298_cGgIsXM6WGhsNYSv8ZGRVOZWy_1786374681046.png
d352_number-n-ine.png,,,,,US,etsy,brand: Number (N)ine,https://d1ud88wu9m1k4s.cloudfront.net/design/2026/08/14/A60857_Gi1hGAfpjeSQltkihAvUlOgs2_1786694538605.png
d353_shania-twain.png,,,,,US,etsy,brand: Shania Twain,https://d1ud88wu9m1k4s.cloudfront.net/design/2026/08/14/A36035_2OTcprXMuhpRdBmwSQmhoby3X_1786691313310.png
d354_deftones.png,,,,,US,etsy,brand: Deftones,https://d1ud88wu9m1k4s.cloudfront.net/design/2026/05/13/A43069_8xU4TFSX5h0LhoaXNRViVTTwB_1778637168521.png
d355_roxy-music.png,,,,,US,etsy,brand: Roxy Music,https://d1ud88wu9m1k4s.cloudfront.net/design/2026/05/04/A9295_WsoeD91wG7yYSCW5SUqWMFw3B_1777884133380.png
d356_lil-wayne.png,,,,,US,etsy,brand: Lil Wayne,https://d1ud88wu9m1k4s.cloudfront.net/fulfill/design/2026/08/15/e483a1e12e8c0a19008ee4e15a2f5e1d.png
d357_nettspend.png,,,,,US,etsy,brand: Nettspend,https://d1ud88wu9m1k4s.cloudfront.net/design/2026/08/15/A36035_9MSaBeJPvJhsL6oDFx97TS7WZ_1786790871085.png
d358_tupac-shakur-x-kurt-cobain-x-chr.png,,,,,US,etsy,brand: Tupac Shakur x Kurt Cobain x Chris Farley,https://d1ud88wu9m1k4s.cloudfront.net/fulfill/design/2026/08/17/644b0f39b752abff9823cc55f43801ef.png
d359_metallica.png,,,,,US,etsy,brand: Metallica,https://d1ud88wu9m1k4s.cloudfront.net/fulfill/design/2026/08/17/72d1988cff51795cb717710429ece763.png
d360_madonna.png,,,,,US,etsy,brand: Madonna,https://d1ud88wu9m1k4s.cloudfront.net/fulfill/design/2026/08/17/741525aba827903165c249ca3be907c7.png
d361_santa-monica-track-club-x-nike.png,,,,,US,etsy,brand: Santa Monica Track Club x Nike | Nike,https://d1ud88wu9m1k4s.cloudfront.net/design/2026/08/17/A30281_wxUTeCGmNtbD1KgLjQSxTs04f_1786962300709.png
d362_social-distortion-x-fc-st-pauli.png,,,,,US,etsy,brand: Social Distortion x FC St. Pauli,https://d1ud88wu9m1k4s.cloudfront.net/design/2026/08/18/A30965_Zj5pykOXPvhdR1tfQix9I5bXt_1787020308676.png
d363_pierce-the-veil-x-sleeping-with-.png,,,,,US,etsy,brand: Pierce the Veil x Sleeping with Sirens,https://d1ud88wu9m1k4s.cloudfront.net/design/2026/08/18/A9295_EP7WPQU5DSzqx0Byiumn0QuLY_1787015413197.png
d364_olivia-rodrigo.png,,,,,US,etsy,brand: Olivia Rodrigo,https://d1ud88wu9m1k4s.cloudfront.net/fulfill/design/2026/08/18/6de0abfd7c2033ce809c2d357b38c5b3.png
d365_the-stone-roses.png,,,,,US,etsy,brand: The Stone Roses,https://d1ud88wu9m1k4s.cloudfront.net/design/2025/09/08/A9295_fRlax1kIkYfxfERuhohadTWef_1757330181014.png
d366_ariana-grande.png,,,,,US,etsy,brand: Ariana Grande,https://d1ud88wu9m1k4s.cloudfront.net/design/2026/07/23/A41944_3yWBeJYsgaUM424VbG9uZRjhL_1784794755492.png
d367_paul-mccartney.png,,,,,US,etsy,brand: Paul McCartney,https://d1ud88wu9m1k4s.cloudfront.net/design/2026/08/20/A9295_tiNUplWceG1n5sNXblsBqchkO_1787210514714.png
d368_lady-gaga.png,,,,,US,etsy,brand: Lady Gaga,https://d1ud88wu9m1k4s.cloudfront.net/design/2025/03/10/A9295_VsHhZ0jHPNq2tJFtiTz9Hp9ny_1741596281987.png
d369_bon-jovi.png,,,,,US,etsy,brand: Bon Jovi,https://d1ud88wu9m1k4s.cloudfront.net/fulfill/design/2026/08/03/d3d8bf1ab8c2a56155a2d8b5f5fce28b.png
d370_kanye-west.png,,,,,US,etsy,brand: Kanye West,https://d1ud88wu9m1k4s.cloudfront.net/fulfill/design/2026/07/31/b709e7044351fc734cf3fd9c722196af.png
d371_bon-jovi.png,,,,,US,etsy,brand: Bon Jovi,https://d1ud88wu9m1k4s.cloudfront.net/design/2026/08/03/A24142_gbeRcc95RrJkEOg9NRYe9canP_1785748142150.png
d372_carter-faith.png,,,,,US,etsy,brand: Carter Faith,https://d1ud88wu9m1k4s.cloudfront.net/fulfill/design/2026/08/03/d357b5fc0368713feae29aee1e8eb96e.png
d373_guns-n-roses.png,,,,,US,etsy,brand: Guns N' Roses,https://d1ud88wu9m1k4s.cloudfront.net/fulfill/design/2026/08/04/ed947c3cb8ba14c693935db1389c297a.png
d374_ariana-grande.png,,,,,US,etsy,brand: Ariana Grande,https://d1ud88wu9m1k4s.cloudfront.net/design/2026/08/04/A27037_qTRAMS3oVfNneYWNSj4PheoXx_1785820003442.png
d375_paul-mccartney.png,,,,,US,etsy,brand: Paul McCartney,https://d1ud88wu9m1k4s.cloudfront.net/fulfill/design/2026/08/03/4d0342e0c6a0df9df6aec26bb86f03be.png
d376_metallica.png,,,,,US,etsy,brand: Metallica,https://d1ud88wu9m1k4s.cloudfront.net/design/2026/08/05/A4922_cD16LGcgWRJD0I1np4rfnnpqw_1785863428139.png
d377_mazzy-star.png,,,,,US,etsy,brand: Mazzy Star,https://d1ud88wu9m1k4s.cloudfront.net/design/2025/12/18/A43069_1NVlikqZW878Fsbl4cxqEKeWc_1766024338803.png
d378_paul-frank.png,,,,,US,etsy,brand: Paul Frank,https://d1ud88wu9m1k4s.cloudfront.net/fulfill/design/2026/08/05/020db1ee54909d5a9b77a60ed74df35b.png
d379_tokio-hotel.png,,,,,US,etsy,brand: Tokio Hotel,https://d1ud88wu9m1k4s.cloudfront.net/fulfill/design/2026/06/01/e66f102494257db17d371933ceb718e2.png
d380_tokio-hotel.png,,,,,US,etsy,brand: Tokio Hotel,https://d1ud88wu9m1k4s.cloudfront.net/design/2026/04/24/A9295_hGGdWkTv338WNLSCYmvZIcWdi_1777021926441.png
d381_nicki-minaj.png,,,,,US,etsy,brand: Nicki Minaj,https://d1ud88wu9m1k4s.cloudfront.net/fulfill/design/2026/08/05/5f1aaeba45afc02c47d05c73217f109b.png
d382_kanye-west.png,,,,,US,etsy,brand: Kanye West,https://d1ud88wu9m1k4s.cloudfront.net/design/2026/08/03/A36756_2P1AP4pRkiw5ntxWc0TUsjC5v_1785723595423.png
d383_pierce-the-veil.png,,,,,US,etsy,brand: Pierce the Veil,https://d1ud88wu9m1k4s.cloudfront.net/design/2025/10/22/A9295_wjqivdD4poYOHzbXm7p9OzZYd_1761102244654.png
d384_morgan-wallen.png,,,,,US,etsy,brand: Morgan Wallen,https://d1ud88wu9m1k4s.cloudfront.net/design/2026/08/06/A41944_bgMsOOdPrPqszZ0pw6O1udO1x_1786002641765.png
d385_backstreet-boys.png,,,,,US,etsy,brand: Backstreet Boys,https://d1ud88wu9m1k4s.cloudfront.net/fulfill/design/2026/08/04/73094185235712e2b0bc39f2190fea97.png
d386_jordan.png,,,,,US,etsy,brand: Jordan,https://d1ud88wu9m1k4s.cloudfront.net/design/2026/07/24/A43007_yw2aeiGnr6Yr9UwKo7Y6tnyCr_1784897282092.png
d387_ozzy-osbourne.png,,,,,US,etsy,brand: Ozzy Osbourne,https://d1ud88wu9m1k4s.cloudfront.net/design/2025/11/05/A43069_nsGYSxkYwcTgsBomwjHDzlSRh_1762331186577.png
d388_ac-dc.png,,,,,US,etsy,brand: AC/DC,https://d1ud88wu9m1k4s.cloudfront.net/design/2026/08/07/A35704_XXEmslm4t4VISPtnU2Q9MXTIe_1786076427012.png
d389_pierce-the-veil.png,,,,,US,etsy,brand: Pierce the Veil,https://d1ud88wu9m1k4s.cloudfront.net/design/2025/07/31/A43069_pCBcmmDDIf99Q63IO31YlLRTI_1753926195236.png
d390_paramore.png,,,,,US,etsy,brand: Paramore,https://d1ud88wu9m1k4s.cloudfront.net/fulfill/design/2026/08/08/53fe084833d32457072671b2e32878c2.png
d391_nine-inch-nails-x-quake.png,,,,,US,etsy,brand: Nine Inch Nails x Quake,https://d1ud88wu9m1k4s.cloudfront.net/fulfill/design/2026/08/08/fdca55dc1b4ed9b1e8617991c696d4c6.png
d392_paul-mccartney.png,,,,,US,etsy,brand: Paul McCartney,https://d1ud88wu9m1k4s.cloudfront.net/fulfill/design/2026/08/08/4d0342e0c6a0df9df6aec26bb86f03be.png
d393_destroy-lonely.png,,,,,US,etsy,brand: Destroy Lonely,https://d1ud88wu9m1k4s.cloudfront.net/design/2026/04/24/A58820_4QaPnEMRuEMsp4e64P6lTNKXZ_1777037217598.png
d394_kali-uchis.png,,,,,US,etsy,brand: Kali Uchis,https://d1ud88wu9m1k4s.cloudfront.net/design/2025/07/26/A35132_72U1cV5Q2JKlHbJWTB7hpsQm7_1753486534437.png
d395_no-fear.png,,,,,US,etsy,brand: No Fear,https://d1ud88wu9m1k4s.cloudfront.net/fulfill/design/2026/08/10/b7587cc22d8b4a4a42c2168a39aa1f15.png
d396_black-sabbath.png,,,,,US,etsy,brand: Black Sabbath,https://d1ud88wu9m1k4s.cloudfront.net/fulfill/design/2026/08/10/0b6f3bc8e28b35bad2ad424678c75d71.png
d398_noah-kahan.png,,,,,US,etsy,brand: Noah Kahan,https://d1ud88wu9m1k4s.cloudfront.net/fulfill/design/2026/08/10/5237ea4e0837abcfc50e917bff1de34d.png
d399_mazzy-star.png,,,,,US,etsy,brand: Mazzy Star,https://d1ud88wu9m1k4s.cloudfront.net/design/2026/06/29/A43069_YB7IaeOMWrTDnB93O3LRIGIz5_1782701505873.png
d400_queens-of-the-stone-age.png,,,,,US,etsy,brand: Queens of the Stone Age,https://d1ud88wu9m1k4s.cloudfront.net/design/2026/08/11/A9295_48P0AgxMgJQWgIDYBWlU8SsNa_1786423147768.png
d401_nike.png,,,,,US,etsy,brand: Nike,https://d1ud88wu9m1k4s.cloudfront.net/design/2025/11/01/A36237_Ccti6gUtMY4Smg4kRu0nZHBwH_1761963246469.png
d402_beastie-boys.png,,,,,US,etsy,brand: Beastie Boys,https://d1ud88wu9m1k4s.cloudfront.net/design/2025/03/10/A9295_MHsIecYA5OactjRDuoQhaeN09_1741598934146.png
d403_drake.png,,,,,US,etsy,brand: Drake,https://d1ud88wu9m1k4s.cloudfront.net/design/2026/08/11/A24142_OsCVLHsINvpznkz2QPPSqiTUt_1786432157631.png
d404_the-rolling-stones.png,,,,,US,etsy,brand: The Rolling Stones,https://d1ud88wu9m1k4s.cloudfront.net/fulfill/design/2026/08/12/a76a4b0f0c49f710de8311972ca460b2.png
d405_nipsey-hussle.png,,,,,US,etsy,brand: Nipsey Hussle,https://d1ud88wu9m1k4s.cloudfront.net/design/2026/08/13/A59278_HqlVJR9WeAbd87MTkvNfq4BlQ_1786608791074.png
d406_prince.png,,,,,US,etsy,brand: Prince,https://d1ud88wu9m1k4s.cloudfront.net/design/2026/08/13/A31703_cjo7pYvOMmANEZ1bGFhOz2prn_1786590408751.png
d407_monty-python.png,,,,,US,etsy,brand: Monty Python,https://d1ud88wu9m1k4s.cloudfront.net/design/2026/08/14/A50315_g9cuibgdpkfeNM16X9odKyJLZ_1786662781348.png
d408_pulltime-outdoors.png,,,,,US,etsy,brand: Pulltime Outdoors,https://d1ud88wu9m1k4s.cloudfront.net/fulfill/design/2025/09/03/159ae0fe21887fdc83d0fcb60445fb66.png
d409_queen.png,,,,,US,etsy,brand: Queen,https://d1ud88wu9m1k4s.cloudfront.net/fulfill/design/2026/08/15/f54c26d01559aee054af98b94e8353f4.png
d410_amy-winehouse.png,,,,,US,etsy,brand: Amy Winehouse,https://d1ud88wu9m1k4s.cloudfront.net/fulfill/design/2026/08/15/8ec30d8045fb6124cd407baaa0dfe977.png
d411_paramore.png,,,,,US,etsy,brand: Paramore,https://d1ud88wu9m1k4s.cloudfront.net/fulfill/design/2026/08/15/6a64f2a227f05b267c2f37320bcd96b2.png
d412_anti-social-social-club.png,,,,,US,etsy,brand: Anti Social Social Club,https://d1ud88wu9m1k4s.cloudfront.net/design/2026/08/14/A58542_DRKKepVvzDVIyhKKkS1ybAYsp_1786722038984.png
d413_vivienne-westwood.png,,,,,US,etsy,brand: Vivienne Westwood,https://d1ud88wu9m1k4s.cloudfront.net/fulfill/design/2026/08/16/97ad2ad1c954b2ae6f243bbaca8a8ac1.png
d414_machine-gun-kelly.png,,,,,US,etsy,brand: Machine Gun Kelly,https://d1ud88wu9m1k4s.cloudfront.net/design/2026/03/03/A45387_PegiABGA7ZC7uyJ7DGg9afxgm_1772523502829.png
d415_iron-maiden.png,,,,,US,etsy,brand: Iron Maiden,https://d1ud88wu9m1k4s.cloudfront.net/fulfill/design/2026/08/17/8955054e15b1f0649833ef18821ab7ff.png
d416_kanye-west.png,,,,,US,etsy,brand: Kanye West,https://d1ud88wu9m1k4s.cloudfront.net/design/2026/08/17/A34886_bTInqMfMlfx7LdcIxapfxEhm2_1786945175849.png
d417_tupac.png,,,,,US,etsy,brand: Tupac,https://d1ud88wu9m1k4s.cloudfront.net/fulfill/design/2026/08/17/8b69c2a21aa89077211d9bec46e93483.png
d418_bon-jovi.png,,,,,US,etsy,brand: Bon Jovi,https://d1ud88wu9m1k4s.cloudfront.net/fulfill/design/2026/08/17/63255c92abb5e0ad2063d0e1ec1323f0.png
d419_nike-x-alabama.png,,,,,US,etsy,brand: Nike x Alabama,https://d1ud88wu9m1k4s.cloudfront.net/fulfill/design/2026/08/18/4fcda490b8dd0e9f797f5121348af36d.png
d420_roxy-music.png,,,,,US,etsy,brand: Roxy Music,https://d1ud88wu9m1k4s.cloudfront.net/design/2026/08/18/A9295_RKtkVHCsU9W0Le0BLSWlrZ7pO_1787040698562.png
d421_guns-n-roses.png,,,,,US,etsy,brand: Guns N' Roses,https://d1ud88wu9m1k4s.cloudfront.net/design/2026/08/18/A35704_fNqryRKDegJrPQ14vmzkPjJOU_1787042746846.png
d422_david-bowie.png,,,,,US,etsy,brand: David Bowie,https://d1ud88wu9m1k4s.cloudfront.net/design/2026/08/18/A43069_u77rRXFjynuq0QzlBzdNs32J6_1787044379007.png
d423_new-balance.png,,,,,US,etsy,brand: New Balance,https://d1ud88wu9m1k4s.cloudfront.net/design/2026/08/19/A61496_dPTjKWtihmzR4FG8L56Dq7I3v_1787112432673.png
d424_metallica.png,,,,,US,etsy,brand: Metallica,https://d1ud88wu9m1k4s.cloudfront.net/fulfill/design/2026/08/19/98bf126492f7e2b6e9ed225a13281957.png
d425_calvin-klein.png,,,,,US,etsy,brand: Calvin Klein,https://d1ud88wu9m1k4s.cloudfront.net/fulfill/design/2026/03/12/fbee51c1503459e7809fb2cdb39b76e1.png
d426_adidas-parody.png,,,,,US,etsy,brand: Adidas (parody),https://d1ud88wu9m1k4s.cloudfront.net/fulfill/design/2026/08/20/e0c4351392fef4d1e797eccc39bb6948.png
d427_taylor-swift-x-pokemon.png,,,,,US,etsy,brand: Taylor Swift x Pokémon,https://d1ud88wu9m1k4s.cloudfront.net/design/2026/07/30/A23181_Lk4I9dt5RaSyAsP3aV9fucwiJ_1785384003596.png
d428_drake.png,,,,,US,etsy,brand: Drake,https://d1ud88wu9m1k4s.cloudfront.net/design/2025/08/09/A34886_rWf88swP60oxfavFq3cWJPnJg_1754722847394.png
d429_dc-shoes-x-monster-energy.png,,,,,US,etsy,brand: DC Shoes x Monster Energy,https://d1ud88wu9m1k4s.cloudfront.net/fulfill/design/2026/08/01/6aee123666e03ee66a80071c10e52d7f.png
d430_iron-maiden.png,,,,,US,etsy,brand: Iron Maiden,https://d1ud88wu9m1k4s.cloudfront.net/design/2026/08/01/A24142_v5iT7Qfq5gaoQJf3XIFK6qVvl_1785579312325.png
d431_jordan-parody.png,,,,,US,etsy,brand: Jordan (parody),https://d1ud88wu9m1k4s.cloudfront.net/design/2026/07/28/A43007_Qawwuzpu8Qs09bV2Q4VAfE6M4_1785252543925.png
d432_big-johnson.png,,,,,US,etsy,brand: Big Johnson,https://d1ud88wu9m1k4s.cloudfront.net/fulfill/design/2025/08/29/e92ca9a6bbd6a0901a2f095f151c9a80.png
d433_karol-g.png,,,,,US,etsy,brand: Karol G,https://d1ud88wu9m1k4s.cloudfront.net/design/2026/05/23/A43069_FJaZBqrDhCVcFJ4kzDzsFvBPv_1779509936865.png
d434_tim-mcgraw.png,,,,,US,etsy,brand: Tim McGraw,https://d1ud88wu9m1k4s.cloudfront.net/fulfill/design/2026/08/03/686203a6a24fcc979ac680764c882fc9.png
d435_electric-callboy.png,,,,,US,etsy,brand: Electric Callboy,https://d1ud88wu9m1k4s.cloudfront.net/fulfill/design/2026/08/03/5bb23c8015ff5846e18b99f7f510627b.png
d436_olivia-rodrigo.png,,,,,US,etsy,brand: Olivia Rodrigo,https://d1ud88wu9m1k4s.cloudfront.net/fulfill/design/2026/08/03/7e866fdf941749a929eb36e8206f0b95.png
d437_big-johnson.png,,,,,US,etsy,brand: Big Johnson,https://d1ud88wu9m1k4s.cloudfront.net/design/2026/08/04/A43069_EZdoJX7aIPx1FAYOWbu0pdRPH_1785807822934.png
d438_grunt-style.png,,,,,US,etsy,brand: Grunt Style,https://d1ud88wu9m1k4s.cloudfront.net/design/2026/08/04/A5237_8IK5qLvMI0tmQpqqepdKy8mlj_1785819204917.png
d439_green-day.png,,,,,US,etsy,brand: Green Day,https://d1ud88wu9m1k4s.cloudfront.net/design/2026/08/04/A43069_WHL3Ei5OvC3QVGlAIn6nt5sVq_1785818531210.png
d440_lady-gaga.png,,,,,US,etsy,brand: Lady Gaga,https://d1ud88wu9m1k4s.cloudfront.net/fulfill/design/2026/08/05/0f1441d5e494e115f02d1597e41c8795.png
d441_guns-n-roses.png,,,,,US,etsy,brand: Guns N' Roses,https://d1ud88wu9m1k4s.cloudfront.net/fulfill/design/2026/08/05/b54d7d986bb807ba8c541315c284c0dc.png
d442_paul-mccartney.png,,,,,US,etsy,brand: Paul McCartney,https://d1ud88wu9m1k4s.cloudfront.net/fulfill/design/2026/08/05/4dd103330ceaab3f22397e926bbaaa6b.png
d443_nike.png,,,,,US,etsy,brand: Nike,https://d1ud88wu9m1k4s.cloudfront.net/design/2026/08/06/A34182_hSalGFpdOLB0UuNKqIjA4HXWm_1785996473238.png
d444_a-bathing-ape.png,,,,,US,etsy,brand: A Bathing Ape,https://d1ud88wu9m1k4s.cloudfront.net/fulfill/design/2026/08/05/d07a34bfa0cbd1a3d286dff250ce46bc.png
d445_olivia-rodrigo.png,,,,,US,etsy,brand: Olivia Rodrigo,https://d1ud88wu9m1k4s.cloudfront.net/fulfill/design/2026/08/06/2a8e4c9a2d6a7cb3c440306be8d1a403.png
d446_destroy-lonely.png,,,,,US,etsy,brand: Destroy Lonely,https://d1ud88wu9m1k4s.cloudfront.net/design/2026/04/22/A58820_hbbrHcnQuYCEwNyIKDMHJYabu_1776857471351.png
d447_paul-mccartney.png,,,,,US,etsy,brand: Paul McCartney,https://d1ud88wu9m1k4s.cloudfront.net/fulfill/design/2026/08/07/6ab5b0eb2d7e5be955057c6420fa1628.png
d448_drop-dead.png,,,,,US,etsy,brand: Drop Dead,https://d1ud88wu9m1k4s.cloudfront.net/fulfill/design/2026/08/07/9c49401d384af20fff3064c732936e21.png
d449_nettspend.png,,,,,US,etsy,brand: Nettspend,https://d1ud88wu9m1k4s.cloudfront.net/design/2026/04/28/A30392_2AMZ7WnnnsNUBON3VISFtcne4_1777371381749.png
d450_aerosmith.png,,,,,US,etsy,brand: Aerosmith,https://d1ud88wu9m1k4s.cloudfront.net/design/2026/08/08/A24142_Wa1FhhSnkpeNvcoPl8sAo1Sbo_1786174611930.png
d451_paramore.png,,,,,US,etsy,brand: Paramore,https://d1ud88wu9m1k4s.cloudfront.net/design/2026/08/10/A39221_dNvwnPhDOlNV7B5rFSblHDzWv_1786329964920.png
d452_red-hot-chili-peppers.png,,,,,US,etsy,brand: Red Hot Chili Peppers,https://d1ud88wu9m1k4s.cloudfront.net/design/2026/03/09/A43069_J1QJ1GT69YYbsWvlnLGi8PXP5_1773021209886.png
d453_bon-jovi.png,,,,,US,etsy,brand: Bon Jovi,https://d1ud88wu9m1k4s.cloudfront.net/design/2026/07/10/A43069_gBOCbGqBPC2QqxmmM86n5BDd1_1783654271770.png
d454_nine-inch-nails.png,,,,,US,etsy,brand: Nine Inch Nails,https://d1ud88wu9m1k4s.cloudfront.net/fulfill/design/2026/08/10/85f2b64ddb695fceb3f399db80fb960d.png
d455_beavis-and-butt-head-x-ac-dc.png,,,,,US,etsy,brand: Beavis and Butt-Head x AC/DC,https://d1ud88wu9m1k4s.cloudfront.net/fulfill/design/2026/08/10/041eefaceb3279806976921783b3714c.png
d456_carter-faith.png,,,,,US,etsy,brand: Carter Faith,https://d1ud88wu9m1k4s.cloudfront.net/fulfill/design/2026/08/10/97dc1814b11cb25473c241b95449ab16.png
d457_ratt.png,,,,,US,etsy,brand: Ratt,https://d1ud88wu9m1k4s.cloudfront.net/design/2026/08/10/A12356_VNYAM5m8R4Noy9zTtJaHyq8AK_1786359538774.png
d458_backstreet-boys.png,,,,,US,etsy,brand: Backstreet Boys,https://d1ud88wu9m1k4s.cloudfront.net/fulfill/design/2026/08/10/2fa7dcb49868263636ed79230c14ebd6.png
d459_paul-frank.png,,,,,US,etsy,brand: Paul Frank,https://d1ud88wu9m1k4s.cloudfront.net/fulfill/design/2026/08/10/00559d8e3d56818648aac1a14037fcb9.png
d460_ftp.png,,,,,US,etsy,brand: FTP,https://d1ud88wu9m1k4s.cloudfront.net/fulfill/design/2026/08/11/606614b65d5dfff5f274ad06511dda96.png
d461_ralph-lauren-x-united-states-oly.png,,,,,US,etsy,brand: Ralph Lauren x United States Olympic Team,https://d1ud88wu9m1k4s.cloudfront.net/fulfill/design/2026/08/11/b7402bc26666d6fc0a5c8daf34d50a8d.png
d462_lady-gaga.png,,,,,US,etsy,brand: Lady Gaga,https://d1ud88wu9m1k4s.cloudfront.net/design/2025/07/12/A34372_KYIoaVWxcjrCykwZqauystIiv_1752306680501.png
d463_pierce-the-veil.png,,,,,US,etsy,brand: Pierce the Veil,https://d1ud88wu9m1k4s.cloudfront.net/design/2026/08/12/A43069_qIRIB1SND0yS7LuboAgNJIS0R_1786517641845.png
d464_paramore.png,,,,,US,etsy,brand: Paramore,https://d1ud88wu9m1k4s.cloudfront.net/fulfill/design/2026/08/12/2969314d48fa1cebf73629f4f1e80171.png
d465_balenciaga-parody.png,,,,,US,etsy,brand: Balenciaga (parody),https://d1ud88wu9m1k4s.cloudfront.net/design/2026/08/12/A31315_cK51RQrnjHuRfXprcqIs3zJo8_1786513647203.png
d466_big-johnson.png,,,,,US,etsy,brand: Big Johnson,https://d1ud88wu9m1k4s.cloudfront.net/fulfill/design/2026/04/18/e0b8aed965c45211c82c19a40ecf36f1.png
d467_electric-callboy.png,,,,,US,etsy,brand: Electric Callboy,https://d1ud88wu9m1k4s.cloudfront.net/design/2026/08/13/A34125_qRLh9u8UaTWVcOcBlMwnb3Cev_1786592828918.png
d468_paul-mccartney.png,,,,,US,etsy,brand: Paul McCartney,https://d1ud88wu9m1k4s.cloudfront.net/fulfill/design/2026/08/13/baafbaa96f49a9adffc8c5df339b2f8e.png
d469_a-bathing-ape.png,,,,,US,etsy,brand: A Bathing Ape,https://d1ud88wu9m1k4s.cloudfront.net/design/2026/08/13/A60857_ZJVsqtnN9Dd94q3GAyqRVfhpw_1786561034835.png
d470_paul-frank.png,,,,,US,etsy,brand: Paul Frank,https://d1ud88wu9m1k4s.cloudfront.net/fulfill/design/2026/08/14/078d55477d7042a0bed2ca2077cd80e6.png
d471_deftones.png,,,,,US,etsy,brand: Deftones,https://d1ud88wu9m1k4s.cloudfront.net/fulfill/design/2026/08/15/09dc76a87276f297a3ea54c62d67e015.png
d472_selena-gomez-x-barney.png,,,,,US,etsy,brand: Selena Gomez x Barney,https://d1ud88wu9m1k4s.cloudfront.net/design/2026/08/16/A30965_DJBc6jWmevG1KqfielTPOdAk1_1786845002995.png
d473_john-lennon.png,,,,,US,etsy,brand: John Lennon,https://d1ud88wu9m1k4s.cloudfront.net/fulfill/design/2026/08/16/030c513fce412dfa9d459662431e52fd.png
d474_kid-cudi.png,,,,,US,etsy,brand: Kid Cudi,https://d1ud88wu9m1k4s.cloudfront.net/fulfill/design/2026/08/17/c0d0b99989f2384d5f66989dca5dbb74.png
d475_backstreet-boys.png,,,,,US,etsy,brand: Backstreet Boys,https://d1ud88wu9m1k4s.cloudfront.net/fulfill/design/2026/08/17/cc795b87e9e3054cba8f43248147301f.png
d476_playboi-carti.png,,,,,US,etsy,brand: Playboi Carti,https://d1ud88wu9m1k4s.cloudfront.net/fulfill/design/2026/08/17/1d58ed751fa5f32da6a9d82729e964aa.png
d477_the-beatles.png,,,,,US,etsy,brand: The Beatles,https://d1ud88wu9m1k4s.cloudfront.net/fulfill/design/2026/08/17/5fd7b5802a5edd33a9887b07d92407ba.png
d478_paul-frank.png,,,,,US,etsy,brand: Paul Frank,https://d1ud88wu9m1k4s.cloudfront.net/fulfill/design/2026/08/17/45bab95a3c570edaa5a8e8fa2b812716.png
d479_playboi-carti.png,,,,,US,etsy,brand: Playboi Carti,https://d1ud88wu9m1k4s.cloudfront.net/design/2025/11/29/A9295_IpAgGczy80MCCHU7DqwQqrJ4p_1764389159026.png
d480_quiksilver.png,,,,,US,etsy,brand: Quiksilver,https://d1ud88wu9m1k4s.cloudfront.net/fulfill/design/2026/08/19/f8c18ea248d1684940db6931e392a642.png
d481_marithe-francois-girbaud.png,,,,,US,etsy,brand: Marithé + François Girbaud,https://d1ud88wu9m1k4s.cloudfront.net/fulfill/design/2026/08/18/76a679f27f3d229a72e39331cf064037.png
d482_avril-lavigne.png,,,,,US,etsy,brand: Avril Lavigne,https://d1ud88wu9m1k4s.cloudfront.net/design/2026/08/13/A9295_gsDk8kvts0BRzOfWXbQipajxb_1786608852327.png
d483_nike-parody.png,,,,,US,etsy,brand: Nike (parody),https://d1ud88wu9m1k4s.cloudfront.net/fulfill/design/2026/08/20/b7d5380022e2b6460fa4557463a44923.png
d484_sam-smith.png,,,,,US,etsy,brand: Sam Smith,https://d1ud88wu9m1k4s.cloudfront.net/design/2026/08/20/A9295_90dfYiCI0i6C8Ek5hiAtkr6zx_1787190980879.png
d485_jordan-parody.png,,,,,US,etsy,brand: Jordan (parody),https://d1ud88wu9m1k4s.cloudfront.net/fulfill/design/2026/08/20/30db90c924269e9cb32497ecfb57cd97.png
d486_nine-inch-nails.png,,,,,US,etsy,brand: Nine Inch Nails,https://d1ud88wu9m1k4s.cloudfront.net/fulfill/design/2026/08/20/9c418a2d758a31d9e9ecc1010a299b87.png
d487_nike-parody.png,,,,,US,etsy,brand: Nike (parody),https://d1ud88wu9m1k4s.cloudfront.net/design/2026/08/13/A36049_xIQlBmCxYBRexxteeEDv4LXr5_1786588949389.png
d488_paul-frank.png,,,,,US,etsy,brand: Paul Frank,https://d1ud88wu9m1k4s.cloudfront.net/fulfill/design/2026/08/20/0c9df29dee4c13125a8bb1d3ca0eece8.png
d489_new-york-yankees-x-nike.png,,,,,US,etsy,brand: New York Yankees x Nike,https://d1ud88wu9m1k4s.cloudfront.net/fulfill/design/2026/08/20/939d21834f782e16fc4578496902351c.png
